ms,control_dt_us,control_exec_us,esekf_us,missed,log_dropped,ax,ay,az,gx,gy,gz,roll_deg,pitch_deg,yaw_deg,vn,ve,vu,pn,pe,pu,bgx,bgy,bgz,bax,bay,baz,s_roll,s_pitch,u_diff_deg,u_sym_deg,u_tail_deg,left_inc_deg,right_inc_deg,b00,b01,b10,b11,left_deg,right_deg,morph_deg,tail_deg,left_pwm,right_pwm,morph_pwm,tail_pwm,gps_fix,gps_sats,gps_lat_deg,gps_lon_deg,gps_alt_m,gps_vn,gps_ve,gps_vd,gps_fix_type,gps_hacc_m,gps_vacc_m,gps_sacc_mps,gps_origin_set
517,501276,15176,12061,0,0,9.58998,-0.74819,-3.06578,-0.312122,0.063916,0.677508,-168.823,-67.204,-1.254,0.0102,0.0015,0.0032,0.0001,0.0000,0.0000,0.0145643,0.0000000,0.0000000,0.000000,0.000000,0.000000,0.00000,0.00000,0.000,0.000,0.000,0.000,0.000,-6.0000,0.0000,0.0000,6.0000,95.00,95.00,90.00,90.00,1575,1575,2472,1500,1,14,40.4362115,-86.8937572,159.096,0.110,-0.070,0.050,3,0.73,0.93,0.12,0
583,15913,15529,12501,0,0,9.98023,-1.66038,-3.45842,-0.180030,0.023436,0.744620,-163.369,-66.650,-8.109,0.0522,0.0250,0.0495,0.0024,0.0007,0.0016,0.0145643,0.0000000,0.0000000,0.000000,0.000000,0.000000,0.00000,0.00000,0.000,0.000,0.000,0.000,0.000,-6.0000,0.0000,0.0000,6.0000,95.00,95.00,90.00,90.00,1575,1575,2469,1500,1,14,40.4362099,-86.8937544,159.159,-0.220,0.430,-0.020,3,0.73,0.92,0.14,0
626,27275,15705,12678,0,0,10.00896,-1.06303,-4.33590,-0.176834,0.038350,0.707336,-159.764,-66.248,-12.556,0.0532,0.0087,0.0950,0.0047,0.0015,0.0047,0.0145643,0.0000000,0.0000000,0.000000,0.000000,0.000000,0.00000,0.00000,0.000,0.000,0.000,0.000,0.000,-6.0000,0.0000,0.0000,6.0000,95.00,95.00,90.00,90.00,1575,1575,2462,1500,1,14,40.4362099,-86.8937544,159.159,-0.220,0.430,-0.020,3,0.73,0.92,0.14,0
669,26941,15717,12695,0,0,10.54287,-1.82079,-4.39695,-0.117179,-0.138484,0.782969,-156.401,-65.373,-16.598,0.0493,0.0022,0.1712,0.0068,0.0017,0.0104,0.0145643,0.0000000,0.0000000,0.000000,0.000000,0.000000,0.00000,0.00000,0.000,0.000,0.000,0.000,0.000,-6.0000,0.0000,0.0000,6.0000,95.00,95.00,90.00,90.00,1575,1575,2459,1500,1,14,40.4362099,-86.8937544,159.159,-0.220,0.430,-0.020,3,0.73,0.92,0.14,0
722,16988,15601,12567,0,0,10.00058,-0.98162,-4.20781,0.102265,-0.660464,0.849016,-153.189,-62.846,-20.165,0.0758,-0.0713,0.2212,0.0101,-0.0001,0.0210,0.0145643,0.0000000,0.0000000,0.000000,0.000000,0.000000,0.00000,0.00000,0.000,0.000,0.000,0.000,0.000,-6.0000,0.0000,0.0000,6.0000,95.00,95.00,90.00,90.00,1575,1575,2455,1500,1,14,40.4362091,-86.8937531,159.176,-0.414,0.497,-0.037,3,0.72,0.91,0.16,0
780,15865,15173,12151,0,0,9.41640,-1.27850,-3.67390,0.450607,0.380299,0.993892,-146.704,-61.439,-26.322,0.1216,-0.1238,0.2757,0.0157,-0.0056,0.0357,0.0145643,0.0000000,0.0000000,0.000000,0.000000,0.000000,0.00000,0.00000,0.000,0.000,0.000,0.000,0.000,-6.0000,0.0000,0.0000,6.0000,95.00,95.00,90.00,90.00,1575,1575,2449,1500,1,14,40.4362091,-86.8937531,159.176,-0.410,0.500,-0.040,3,0.72,0.91,0.16,0
823,27195,15728,12649,0,0,7.87573,-1.61010,-3.49913,0.618919,-0.257794,0.977913,-141.431,-60.303,-30.762,0.1326,-0.1680,0.2327,0.0212,-0.0118,0.0466,0.0145643,0.0000000,0.0000000,0.000000,0.000000,0.000000,0.00000,0.00000,0.000,0.000,0.000,0.000,0.000,-6.0000,0.0000,0.0000,6.0000,95.00,95.00,90.00,90.00,1575,1575,2442,1500,1,14,40.4362091,-86.8937531,159.176,-0.410,0.500,-0.040,3,0.72,0.91,0.16,0
882,15845,15513,12479,0,0,7.83263,-2.61806,-1.96325,0.516653,-1.010936,0.761664,-138.539,-57.053,-31.827,0.2106,-0.1691,0.1776,0.0312,-0.0217,0.0591,0.0145643,0.0000000,0.0000000,0.000000,0.000000,0.000000,0.00000,0.00000,0.000,0.000,0.000,0.000,0.000,-6.0000,0.0000,0.0000,6.0000,95.00,95.00,90.00,90.00,1575,1575,2439,1500,1,14,40.4362091,-86.8937531,159.176,-0.410,0.500,-0.040,3,0.72,0.91,0.16,0
926,28438,15773,12717,0,0,7.91403,-3.34111,-1.39821,0.635963,-0.383495,0.413323,-137.135,-55.171,-31.645,0.3095,-0.1642,0.1089,0.0427,-0.0292,0.0653,0.0145643,0.0000000,0.0000000,0.000000,0.000000,0.000000,0.00000,0.00000,0.000,0.000,0.000,0.000,0.000,-6.0000,0.0000,0.0000,6.0000,95.00,95.00,90.00,90.00,1575,1575,2432,1500,1,14,40.4362093,-86.8937523,159.294,0.050,0.320,-0.270,3,0.72,0.91,0.12,1
978,15760,15159,12131,0,0,9.50977,-4.59328,-1.30843,0.673247,0.569916,0.605070,-132.495,-54.828,-35.013,0.4113,-0.0695,0.1235,0.0612,-0.0350,0.0711,0.0145643,0.0000000,0.0000000,0.000000,0.000000,0.000000,0.00000,0.00000,0.000,0.000,0.000,0.000,0.000,-6.0000,0.0000,0.0000,6.0000,95.00,95.00,90.00,90.00,1575,1575,2429,1500,1,14,40.4362093,-86.8937523,159.294,0.050,0.320,-0.270,3,0.72,0.91,0.12,1
1038,35542,24178,21107,0,0,6.60680,-6.08008,-2.45406,0.727576,0.434628,0.686030,-126.900,-54.377,-39.238,0.4438,-0.0020,0.0774,0.0835,-0.0375,0.0761,0.0145643,0.0000000,0.0000000,0.000000,0.000000,0.000000,0.00000,0.00000,0.000,0.000,0.000,0.000,0.000,-6.0000,0.0000,0.0000,6.0000,95.00,95.00,90.00,90.00,1575,1575,2422,1500,1,14,40.4362093,-86.8937523,159.294,0.050,0.320,-0.270,3,0.72,0.91,0.12,1
1069,24445,31033,27626,0,0,9.02375,-7.70574,-2.01711,0.672182,0.658333,1.065264,-123.753,-53.693,-41.988,0.4733,0.0571,0.1244,0.0947,-0.0369,0.0785,0.0145643,0.0000000,0.0000000,0.000000,0.000000,0.000000,0.00000,0.00000,0.000,0.000,0.000,0.000,0.000,-6.0000,0.0000,0.0000,6.0000,95.00,95.00,90.00,90.00,1575,1575,2419,1500,1,14,40.4362093,-86.8937523,159.294,0.050,0.320,-0.270,3,0.72,0.91,0.12,1
1137,18168,21760,18697,0,0,6.82826,-4.43047,-0.70270,1.078048,0.589091,1.187770,-110.219,-53.171,-51.693,-0.2260,0.3290,0.1505,-0.0973,0.0599,0.0541,0.0144056,-0.0011735,0.0006485,0.008515,0.011500,0.022347,0.00000,0.00000,0.000,0.000,0.000,0.000,0.000,-6.0000,0.0000,0.0000,6.0000,95.00,95.00,90.00,90.00,1575,1575,2412,1500,1,13,40.4362088,-86.8937517,159.283,-0.254,0.338,-0.156,3,0.72,0.91,0.16,1
1179,26863,15463,12415,0,0,8.58321,-9.41999,-4.94163,0.984304,2.456500,1.238903,-100.250,-51.004,-60.569,-0.3060,0.3608,0.2405,-0.1087,0.0769,0.0628,0.0144056,-0.0011735,0.0006485,0.008515,0.011500,0.022347,0.00000,0.00000,0.000,0.000,0.000,0.000,0.000,-6.0000,0.0000,0.0000,6.0000,95.00,95.00,90.00,90.00,1575,1575,2405,1500,1,13,40.4362088,-86.8937517,159.283,-0.250,0.340,-0.160,3,0.72,0.91,0.16,1
1233,15979,15760,12749,0,0,6.29555,-9.11233,-1.72023,0.906540,0.315318,1.084439,-92.972,-48.109,-66.696,-0.3157,0.5343,0.1719,-0.1242,0.1008,0.0725,0.0144056,-0.0011735,0.0006485,0.008515,0.011500,0.022347,0.00000,0.00000,0.000,0.000,0.000,0.000,0.000,-6.0000,0.0000,0.0000,6.0000,95.00,95.00,90.00,90.00,1575,1575,2402,1500,1,13,40.4362088,-86.8937517,159.283,-0.250,0.340,-0.160,3,0.72,0.91,0.16,1
1276,27170,15916,12529,0,0,7.69377,-7.84700,0.75776,0.680704,0.545415,1.444499,-89.915,-44.550,-68.450,-0.2997,0.5500,0.2223,-0.1376,0.1243,0.0810,0.0144056,-0.0011735,0.0006485,0.008515,0.011500,0.022347,0.00000,0.00000,0.000,0.000,0.000,0.000,0.000,-6.0000,0.0000,0.0000,6.0000,95.00,95.00,90.00,90.00,1575,1575,2395,1500,1,13,40.4362088,-86.8937517,159.283,-0.250,0.340,-0.160,3,0.72,0.91,0.16,1
1320,28112,15640,12590,0,0,6.19500,-7.43041,2.87065,0.672182,0.313188,1.757686,-87.230,-40.433,-69.787,-0.2395,0.5895,0.2276,-0.1501,0.1494,0.0911,0.0144056,-0.0011735,0.0006485,0.008515,0.011500,0.022347,0.00000,0.00000,0.000,0.000,0.000,0.000,0.000,-6.0000,0.0000,0.0000,6.0000,95.00,95.00,90.00,90.00,1575,1575,2392,1500,1,13,40.4362088,-86.8937517,159.283,-0.250,0.340,-0.160,3,0.72,0.91,0.16,1
1370,28606,15981,12928,0,0,7.04015,-7.88770,-2.87065,0.675378,0.853277,1.327320,-85.912,-33.311,-68.427,-0.1820,0.2247,0.1778,-0.1159,0.1139,0.0463,0.0135605,-0.0011343,-0.0027715,0.004115,-0.014558,0.027274,0.00000,0.00000,0.000,0.000,0.000,0.000,0.000,-6.0000,0.0000,0.0000,6.0000,95.00,95.00,90.00,90.00,1575,1575,2389,1500,1,14,40.4362087,-86.8937513,159.287,-0.090,0.200,-0.110,3,0.72,0.91,0.15,1
1423,15996,15762,12762,0,0,2.95923,-9.36851,0.92177,0.514523,0.532632,1.425324,-82.692,-28.738,-71.058,-0.2076,0.3165,0.1653,-0.1261,0.1283,0.0555,0.0135605,-0.0011343,-0.0027715,0.004115,-0.014558,0.027274,0.00000,0.00000,0.000,0.000,0.000,0.000,0.000,-6.0000,0.0000,0.0000,6.0000,95.00,95.00,90.00,90.00,1575,1575,2385,1500,1,14,40.4362087,-86.8937513,159.287,-0.090,0.200,-0.110,3,0.72,0.91,0.15,1
1482,16027,15706,12708,0,0,4.23654,-9.01058,2.54384,0.532632,0.532632,1.496696,-79.599,-24.284,-74.209,-0.2043,0.3387,0.1779,-0.1390,0.1471,0.0654,0.0135605,-0.0011343,-0.0027715,0.004115,-0.014558,0.027274,0.00000,0.00000,0.000,0.000,0.000,0.000,0.000,-6.0000,0.0000,0.0000,6.0000,95.00,95.00,90.00,90.00,1575,1575,2379,1500,1,14,40.4362087,-86.8937513,159.287,-0.090,0.200,-0.110,3,0.72,0.91,0.15,1
1518,15976,35854,27876,0,0,4.19344,-10.01016,2.43371,0.596548,0.570982,1.453021,-78.949,-22.877,-74.500,-0.1980,0.3427,0.1984,-0.1423,0.1526,0.0685,0.0135605,-0.0011343,-0.0027715,0.004115,-0.014558,0.027274,0.00000,0.00000,0.000,0.000,0.000,0.000,0.000,-6.0000,0.0000,0.0000,6.0000,95.00,95.00,90.00,90.00,1575,1575,2375,1500,1,14,40.4362087,-86.8937513,159.287,-0.090,0.200,-0.110,3,0.72,0.91,0.15,1
1595,32344,44594,36636,0,0,1.23900,-8.30189,4.29999,0.774447,1.015197,1.502023,-76.532,-13.534,-76.817,0.0614,0.2024,0.1511,-0.1015,0.1349,0.0590,0.0139661,0.0005319,-0.0070205,-0.010140,-0.030913,0.023890,0.00000,0.00000,0.000,0.000,0.000,0.000,0.000,-6.0000,0.0000,0.0000,6.0000,95.00,95.00,90.00,90.00,1575,1575,2369,1500,1,14,40.4362089,-86.8937510,159.313,0.130,0.120,-0.120,3,0.72,0.90,0.13,1
1623,44842,27749,24653,0,0,1.76932,-8.44794,4.86502,0.969391,0.621049,1.173921,-73.915,-10.194,-77.601,0.1638,0.2211,0.1416,-0.0965,0.1444,0.0655,0.0139661,0.0005319,-0.0070205,-0.010140,-0.030913,0.023890,0.00000,0.00000,0.000,0.000,0.000,0.000,0.000,-6.0000,0.0000,0.0000,6.0000,95.00,95.00,90.00,90.00,1575,1575,2365,1500,1,14,40.4362089,-86.8937510,159.313,0.130,0.120,-0.120,3,0.72,0.90,0.13,1
1682,16013,15692,12707,0,0,-1.55264,-7.51540,4.75129,1.010936,0.591222,0.165116,-69.647,-6.976,-79.672,0.3200,0.3355,0.0625,-0.0789,0.1633,0.0733,0.0139661,0.0005319,-0.0070205,-0.010140,-0.030913,0.023890,0.00000,0.00000,0.000,0.000,0.000,0.000,0.000,-6.0000,0.0000,0.0000,6.0000,95.00,95.00,90.00,90.00,1575,1575,2359,1500,1,14,40.4362089,-86.8937510,159.313,0.130,0.120,-0.120,3,0.72,0.90,0.13,1
1733,28589,21979,18964,0,0,0.86790,-7.86735,5.30795,0.666856,-0.078830,0.252468,-67.295,-5.686,-79.689,0.3558,0.2692,0.1137,-0.0465,0.1650,0.0821,0.0130217,-0.0006289,-0.0088712,-0.024323,-0.010253,0.020929,0.00000,0.00000,0.000,0.000,0.000,0.000,0.000,-6.0000,0.0000,0.0000,6.0000,95.00,95.00,90.00,90.00,1575,1575,2352,1500,1,13,40.4362095,-86.8937503,159.361,0.340,0.210,-0.160,3,0.72,0.90,0.17,1
1776,27022,15805,12511,0,0,-1.65200,-7.59321,4.98353,0.152333,0.214118,0.280165,-66.527,-4.789,-80.275,0.4213,0.3836,0.0519,-0.0272,0.1809,0.0861,0.0130217,-0.0006289,-0.0088712,-0.024323,-0.010253,0.020929,0.00000,0.00000,0.000,0.000,0.000,0.000,0.000,-6.0000,0.0000,0.0000,6.0000,95.00,95.00,90.00,90.00,1575,1575,2345,1500,1,13,40.4362095,-86.8937503,159.361,0.340,0.210,-0.160,3,0.72,0.90,0.17,1
1819,27381,15472,12413,0,0,-2.19309,-7.61715,3.74094,-0.175769,0.181095,0.732902,-66.868,-3.193,-79.841,0.4163,0.4865,-0.0062,-0.0091,0.1996,0.0872,0.0130217,-0.0006289,-0.0088712,-0.024323,-0.010253,0.020929,0.00000,0.00000,0.000,0.000,0.000,0.000,0.000,-6.0000,0.0000,0.0000,6.0000,95.00,95.00,90.00,90.00,1575,1575,2342,1500,1,13,40.4362095,-86.8937503,159.361,0.340,0.210,-0.160,3,0.72,0.90,0.17,1
1878,15921,15346,12352,0,0,-0.69073,-8.91840,5.41568,0.133158,-0.542220,-0.423975,-67.365,-4.401,-77.612,0.4914,0.5944,0.0034,0.0175,0.2321,0.0866,0.0130217,-0.0006289,-0.0088712,-0.024323,-0.010253,0.020929,0.00000,0.00000,0.000,0.000,0.000,0.000,0.000,-6.0000,0.0000,0.0000,6.0000,95.00,95.00,90.00,90.00,1575,1575,2339,1500,1,13,40.4362095,-86.8937503,159.361,0.340,0.210,-0.160,3,0.72,0.90,0.17,1
1923,22356,22256,18833,0,0,-0.72903,-7.33583,5.56173,-0.482565,-0.406931,0.646616,-66.198,-1.813,-76.176,0.3072,0.3515,0.0906,0.0082,0.2092,0.0992,0.0065593,-0.0043957,-0.0137735,-0.050717,0.032432,0.023456,0.00000,0.00000,0.000,0.000,0.000,0.000,0.000,-6.0000,0.0000,0.0000,6.0000,95.00,95.00,90.00,90.00,1575,1575,2332,1500,1,13,40.4362098,-86.8937496,159.385,0.178,0.186,-0.143,3,0.72,0.91,0.18,1
1982,16003,15682,12692,0,0,-1.63644,-8.06966,4.02944,-0.257794,-0.504935,0.137419,-67.503,-1.605,-74.337,0.3539,0.4646,0.0290,0.0313,0.2365,0.1030,0.0065593,-0.0043957,-0.0137735,-0.050717,0.032432,0.023456,0.00000,0.00000,0.000,0.000,0.000,0.000,0.000,-6.0000,0.0000,0.0000,6.0000,95.00,95.00,90.00,90.00,1575,1575,2325,1500,1,13,40.4362098,-86.8937496,159.385,0.180,0.190,-0.140,3,0.72,0.91,0.18,1
2018,15941,35700,27857,0,0,-1.41497,-8.24683,5.39174,-0.167247,-1.574461,-0.080960,-67.705,-2.209,-73.034,0.3737,0.4996,0.0263,0.0371,0.2442,0.1035,0.0065593,-0.0043957,-0.0137735,-0.050717,0.032432,0.023456,0.00000,0.00000,0.000,0.000,0.000,0.000,0.000,-6.0000,0.0000,0.0000,6.0000,95.00,95.00,90.00,90.00,1575,1575,2322,1500,1,13,40.4362098,-86.8937496,159.385,0.180,0.190,-0.140,3,0.72,0.91,0.18,1
2075,28880,27869,19816,0,0,-0.77452,-8.87890,5.67426,0.233293,-1.094027,0.033023,-67.454,-3.968,-68.763,0.4009,0.6021,0.0532,0.0615,0.2795,0.1060,0.0065593,-0.0043957,-0.0137735,-0.050717,0.032432,0.023456,0.00000,0.00000,0.000,0.000,0.000,0.000,0.000,-6.0000,0.0000,0.0000,6.0000,95.00,95.00,90.00,90.00,1575,1575,2315,1500,1,13,40.4362098,-86.8937496,159.385,0.180,0.190,-0.140,3,0.72,0.91,0.18,1
2135,16664,21850,18851,0,0,-1.34794,-8.19535,5.04698,0.371777,-0.105461,-0.050067,-63.370,-1.578,-66.982,0.1938,0.1720,0.1307,0.0357,0.2256,0.1159,-0.0042264,-0.0104622,-0.0233670,-0.076054,0.064731,0.040649,0.00000,0.00000,0.000,0.000,0.000,0.000,0.000,-6.0000,0.0000,0.0000,6.0000,95.00,95.00,90.00,90.00,1575,1575,2309,1500,1,14,40.4362098,-86.8937496,159.411,0.030,-0.090,-0.130,3,0.73,0.91,0.13,1
2179,27808,15457,12417,0,0,0.24062,-8.43956,5.04339,0.365386,0.213053,-0.024501,-62.336,-1.602,-67.159,0.2142,0.2118,0.1351,0.0459,0.2357,0.1225,-0.0042264,-0.0104622,-0.0233670,-0.076054,0.064731,0.040649,0.00000,0.00000,0.000,0.000,0.000,0.000,0.000,-6.0000,0.0000,0.0000,6.0000,95.00,95.00,90.00,90.00,1575,1575,2302,1500,1,14,40.4362098,-86.8937496,159.411,0.030,-0.090,-0.130,3,0.73,0.91,0.13,1
2222,27523,15815,12790,0,0,-2.13084,-8.02776,4.70221,0.224771,1.283644,0.159790,-61.653,0.969,-71.063,0.1851,0.2907,0.1097,0.0543,0.2465,0.1277,-0.0042264,-0.0104622,-0.0233670,-0.076054,0.064731,0.040649,0.00000,0.00000,0.000,0.000,0.000,0.000,0.000,-6.0000,0.0000,0.0000,6.0000,95.00,95.00,90.00,90.00,1575,1575,2299,1500,1,14,40.4362098,-86.8937496,159.411,0.030,-0.090,-0.130,3,0.73,0.91,0.13,1
2281,16008,15692,12694,0,0,-0.77692,-8.73405,5.65391,0.047937,-0.579504,0.005326,-61.109,0.219,-69.682,0.1957,0.3582,0.1257,0.0656,0.2660,0.1345,-0.0042264,-0.0104622,-0.0233670,-0.076054,0.064731,0.040649,0.00000,0.00000,0.000,0.000,0.000,0.000,0.000,-6.0000,0.0000,0.0000,6.0000,95.00,95.00,90.00,90.00,1575,1575,2295,1500,1,14,40.4362098,-86.8937496,159.411,0.030,-0.090,-0.130,3,0.73,0.91,0.13,1
2334,27993,24405,21412,0,0,-0.48842,-7.43998,5.74249,-0.029827,0.123571,0.023436,-55.366,1.798,-70.714,-0.0253,0.0540,0.0989,0.0308,0.2197,0.1260,-0.0313918,-0.0227590,-0.0302622,-0.073674,0.013382,-0.084917,0.00000,0.00000,0.000,0.000,0.000,0.000,0.000,-6.0000,0.0000,0.0000,6.0000,95.00,95.00,90.00,90.00,1575,1575,2289,1500,1,14,40.4362095,-86.8937498,159.381,-0.070,-0.090,-0.050,3,0.73,0.91,0.14,1
2376,23700,18342,15014,0,0,-0.88825,-8.74961,5.96515,0.002131,-0.139550,-0.149137,-56.249,1.891,-73.718,-0.0121,0.0756,0.1129,0.0309,0.2235,0.1307,-0.0250302,-0.0283226,-0.0300385,-0.064021,0.027445,-0.055657,0.00000,0.00000,0.000,0.000,0.000,0.000,0.000,-6.0000,0.0000,0.0000,6.0000,95.00,95.00,90.00,90.00,1575,1575,2282,1500,1,14,40.4362095,-86.8937498,159.381,-0.070,-0.090,-0.050,3,0.73,0.91,0.14,1
2420,27460,15451,12436,0,0,-1.07619,-8.88728,5.03141,0.129962,-0.416518,-0.120375,-55.870,1.124,-73.259,-0.0598,0.1017,0.1377,0.0292,0.2276,0.1365,-0.0250302,-0.0283226,-0.0300385,-0.064021,0.027445,-0.055657,0.00000,0.00000,0.000,0.000,0.000,0.000,0.000,-6.0000,0.0000,0.0000,6.0000,95.00,95.00,90.00,90.00,1575,1575,2279,1500,1,14,40.4362095,-86.8937498,159.381,-0.070,-0.090,-0.050,3,0.73,0.91,0.14,1
2479,16054,15340,12343,0,0,-0.02753,-8.62272,6.22732,0.233293,-0.606135,-0.173638,-55.028,-0.364,-71.894,-0.0974,0.1443,0.1782,0.0241,0.2353,0.1457,-0.0250302,-0.0283226,-0.0300385,-0.064021,0.027445,-0.055657,0.00000,0.00000,0.000,0.000,0.000,0.000,0.000,-6.0000,0.0000,0.0000,6.0000,95.00,95.00,90.00,90.00,1575,1575,2275,1500,1,14,40.4362095,-86.8937498,159.381,-0.070,-0.090,-0.050,3,0.73,0.91,0.14,1
2546,35610,30808,27790,0,0,-1.22224,-7.64469,4.95121,0.304666,-0.324906,-0.519849,-54.035,-1.916,-71.787,-0.1279,0.2044,0.1553,0.0186,0.2441,0.1545,-0.0250302,-0.0283226,-0.0300385,-0.064021,0.027445,-0.055657,0.00000,0.00000,0.000,0.000,0.000,0.000,0.000,-6.0000,0.0000,0.0000,6.0000,95.00,95.00,90.00,90.00,1575,1575,2269,1500,1,14,40.4362095,-86.8937498,159.381,-0.070,-0.090,-0.050,3,0.73,0.91,0.14,1
2585,31779,38535,35511,0,0,0.97444,-8.86333,6.34703,0.273773,0.123571,-0.160855,-53.425,-1.262,-71.734,-0.1017,0.0410,0.1145,0.0173,0.2210,0.1387,-0.0254597,-0.0293088,-0.0341300,-0.071356,0.014456,-0.038109,0.00000,0.00000,0.000,0.000,0.000,0.000,0.000,-6.0000,0.0000,0.0000,6.0000,95.00,95.00,90.00,90.00,1575,1575,2265,1500,1,15,40.4362093,-86.8937496,159.408,-0.090,-0.030,-0.060,3,0.72,0.91,0.12,1
2620,38798,34695,26691,0,0,0.32920,-7.90087,5.48751,0.169377,-0.203466,-0.263120,-52.992,-1.901,-71.729,-0.1137,0.0338,0.1086,0.0131,0.2225,0.1430,-0.0254597,-0.0293088,-0.0341300,-0.071356,0.014456,-0.038109,0.00000,0.00000,0.000,0.000,0.000,0.000,0.000,-6.0000,0.0000,0.0000,6.0000,95.00,95.00,90.00,90.00,1575,1575,2262,1500,1,15,40.4362093,-86.8937496,159.408,-0.090,-0.030,-0.060,3,0.72,0.91,0.12,1
2682,16012,18220,15222,0,0,1.07500,-8.01818,6.77918,-0.010653,-0.077764,0.055394,-51.738,-3.213,-69.903,-0.1887,0.0400,0.1652,-0.0009,0.2249,0.1541,-0.0327751,-0.0221862,-0.0347299,-0.071047,0.007523,-0.052986,0.00000,0.00000,0.000,0.000,0.000,0.000,0.000,-6.0000,0.0000,0.0000,6.0000,95.00,95.00,90.00,90.00,1575,1575,2255,1500,1,15,40.4362093,-86.8937496,159.408,-0.090,-0.030,-0.060,3,0.72,0.91,0.12,1
2738,31116,24419,21396,0,0,-1.59693,-7.47230,4.16831,-0.080960,-0.064981,0.157659,-53.635,-1.121,-72.024,-0.0932,-0.0734,0.1175,0.0088,0.1993,0.1577,-0.0123165,-0.0484790,-0.0385537,-0.075106,0.017148,-0.018400,0.00000,0.00000,0.000,0.000,0.000,0.000,0.000,-6.0000,0.0000,0.0000,6.0000,95.00,95.00,90.00,90.00,1575,1575,2249,1500,1,14,40.4362091,-86.8937498,159.452,-0.040,-0.170,-0.100,3,0.72,0.90,0.13,1
2781,27569,15764,12414,0,0,2.35230,-7.44357,6.56011,0.001065,-0.602940,-0.120375,-53.741,-2.485,-70.279,-0.0735,-0.1086,0.0928,0.0036,0.1952,0.1627,-0.0123165,-0.0484790,-0.0385537,-0.075106,0.017148,-0.018400,0.00000,0.00000,0.000,0.000,0.000,0.000,0.000,-6.0000,0.0000,0.0000,6.0000,95.00,95.00,90.00,90.00,1575,1575,2242,1500,1,14,40.4362091,-86.8937498,159.452,-0.040,-0.170,-0.100,3,0.72,0.90,0.13,1
2821,23733,15387,12376,0,0,0.71946,-8.58561,5.74369,0.043676,0.258859,0.020240,-53.182,-2.984,-68.530,-0.0781,-0.1368,0.1236,0.0009,0.1898,0.1672,-0.0186018,-0.0274151,-0.0398252,-0.079556,0.015220,-0.026413,0.00000,0.00000,0.000,0.000,0.000,0.000,0.000,-6.0000,0.0000,0.0000,6.0000,95.00,95.00,90.00,90.00,1575,1575,2239,1500,1,14,40.4362091,-86.8937498,159.452,-0.040,-0.170,-0.100,3,0.72,0.90,0.13,1
2882,16045,15719,12728,0,0,0.53391,-7.24246,6.22492,0.173638,-0.238619,0.009587,-53.913,-3.229,-68.782,-0.0734,-0.0960,0.0867,-0.0026,0.1846,0.1730,-0.0032059,-0.0394616,-0.0368488,-0.095911,0.023272,-0.010371,0.00000,0.00000,0.000,0.000,0.000,0.000,0.000,-6.0000,0.0000,0.0000,6.0000,95.00,95.00,90.00,90.00,1575,1575,2235,1500,1,14,40.4362091,-86.8937498,159.452,-0.040,-0.170,-0.100,3,0.72,0.90,0.13,1
2933,28804,21972,18950,0,0,0.98043,-8.33422,5.91607,0.134223,-0.419714,0.180030,-53.627,-3.268,-67.803,-0.0605,-0.1425,0.0948,-0.0029,0.1728,0.1776,-0.0027976,-0.0398256,-0.0385992,-0.098049,0.021982,-0.012923,0.00000,0.00000,0.000,0.000,0.000,0.000,0.000,-6.0000,0.0000,0.0000,6.0000,95.00,95.00,90.00,90.00,1575,1575,2229,1500,1,14,40.4362090,-86.8937501,159.473,-0.037,-0.170,-0.097,3,0.72,0.90,0.14,1
2977,27575,15994,12493,0,0,2.32357,-8.24443,7.09402,0.224771,0.202400,0.000000,-52.864,-3.057,-68.011,0.0035,-0.2158,0.1559,-0.0043,0.1639,0.1839,-0.0027976,-0.0398256,-0.0385992,-0.098049,0.021982,-0.012923,0.00000,0.00000,0.000,0.000,0.000,0.000,0.000,-6.0000,0.0000,0.0000,6.0000,95.00,95.00,90.00,90.00,1575,1575,2225,1500,1,14,40.4362090,-86.8937501,159.473,-0.040,-0.170,-0.100,3,0.72,0.90,0.14,1
3030,52691,16516,13434,0,0,-0.01915,-6.79115,5.17267,0.233293,0.335558,0.104396,-52.123,-2.024,-68.648,-0.0052,-0.2065,0.0901,-0.0044,0.1527,0.1903,-0.0027976,-0.0398256,-0.0385992,-0.098049,0.021982,-0.012923,0.00000,0.00000,0.000,0.000,0.000,0.000,0.000,-6.0000,0.0000,0.0000,6.0000,95.00,95.00,90.00,90.00,1575,1575,2225,1500,1,14,40.4362090,-86.8937501,159.473,-0.040,-0.170,-0.100,3,0.72,0.90,0.14,1
3075,26664,18475,15461,0,0,-0.31723,-7.74165,4.88657,0.120375,-0.018109,-0.105461,-52.880,-1.480,-69.701,0.0068,-0.1971,0.0653,-0.0028,0.1442,0.1936,0.0124554,-0.0508275,-0.0381844,-0.100367,0.025791,-0.009943,0.00000,0.00000,0.000,0.000,0.000,0.000,0.000,-6.0000,0.0000,0.0000,6.0000,95.00,95.00,90.00,90.00,1575,1575,2225,1500,1,14,40.4362090,-86.8937501,159.473,-0.040,-0.170,-0.100,3,0.72,0.90,0.14,1
3122,30633,16104,13038,0,0,0.57221,-7.27239,5.46955,-0.008522,-0.363255,-0.239684,-53.047,-2.357,-69.365,0.0118,-0.2054,0.0476,-0.0022,0.1348,0.1966,0.0136411,-0.0492511,-0.0380063,-0.102822,0.026334,-0.009989,0.00000,0.00000,0.000,0.000,0.000,0.000,0.000,-6.0000,0.0000,0.0000,6.0000,95.00,95.00,90.00,90.00,1575,1575,2225,1500,1,14,40.4362090,-86.8937501,159.473,-0.040,-0.170,-0.100,3,0.72,0.90,0.14,1
3172,33125,15956,12917,0,0,0.29688,-7.61715,5.96515,-0.223706,-0.674312,-0.287621,-53.713,-4.287,-68.652,-0.0364,-0.1020,0.0531,-0.0162,0.1473,0.2019,0.0131380,-0.0487071,-0.0350657,-0.099727,0.031541,-0.011495,0.00000,0.00000,0.000,0.000,0.000,0.000,0.000,-6.0000,0.0000,0.0000,6.0000,95.00,95.00,90.00,90.00,1575,1575,2225,1500,1,14,40.4362089,-86.8937502,159.478,-0.070,-0.070,-0.070,3,0.72,0.90,0.11,1
3226,37167,16047,12989,0,0,0.69911,-7.48068,5.69700,-0.076699,-0.243946,-0.181095,-54.111,-5.178,-68.276,-0.0233,-0.1025,0.0465,-0.0177,0.1417,0.2048,0.0131380,-0.0487071,-0.0350657,-0.099727,0.031541,-0.011495,0.00000,0.00000,0.000,0.000,0.000,0.000,0.000,-6.0000,0.0000,0.0000,6.0000,95.00,95.00,90.00,90.00,1575,1575,2225,1500,1,14,40.4362089,-86.8937502,159.478,-0.070,-0.070,-0.070,3,0.72,0.90,0.11,1
3271,29410,15915,12884,0,0,1.22942,-8.21211,5.30316,0.151268,-0.409062,-0.343015,-53.627,-6.001,-67.848,-0.0410,-0.1244,0.0409,-0.0191,0.1361,0.2067,0.0082942,-0.0458615,-0.0363227,-0.091908,0.031020,-0.010696,0.00000,0.00000,0.000,0.000,0.000,0.000,0.000,-6.0000,0.0000,0.0000,6.0000,95.00,95.00,90.00,90.00,1575,1575,2225,1500,1,14,40.4362089,-86.8937502,159.478,-0.070,-0.070,-0.070,3,0.72,0.90,0.11,1
3332,16989,21838,18836,0,0,1.94409,-7.67581,6.12676,0.205596,-0.087352,-0.390952,-52.978,-7.048,-67.805,-0.0313,-0.1686,0.0317,-0.0249,0.1295,0.2038,0.0082814,-0.0459875,-0.0369135,-0.091987,0.028807,-0.007457,0.00000,0.00000,0.000,0.000,0.000,0.000,0.000,-6.0000,0.0000,0.0000,6.0000,95.00,95.00,90.00,90.00,1575,1575,2225,1500,1,15,40.4362087,-86.8937502,159.477,-0.030,-0.180,-0.020,3,0.72,0.90,0.14,1
3375,27077,15771,12566,0,0,1.96085,-7.50343,6.14951,0.222640,-0.074569,-0.231162,-52.349,-7.685,-68.129,-0.0417,-0.1799,0.0285,-0.0272,0.1212,0.2052,0.0082814,-0.0459875,-0.0369135,-0.091987,0.028807,-0.007457,0.00000,0.00000,0.000,0.000,0.000,0.000,0.000,-6.0000,0.0000,0.0000,6.0000,95.00,95.00,90.00,90.00,1575,1575,2225,1500,1,15,40.4362087,-86.8937502,159.477,-0.030,-0.180,-0.020,3,0.72,0.90,0.14,1
3430,36654,18646,15662,0,0,1.39103,-7.69018,5.73531,-0.038350,0.085221,-0.202400,-52.433,-7.998,-68.791,-0.0330,-0.1825,0.0182,-0.0291,0.1118,0.2063,0.0107518,-0.0454333,-0.0365128,-0.095962,0.029437,-0.008174,0.00000,0.00000,0.000,0.000,0.000,0.000,0.000,-6.0000,0.0000,0.0000,6.0000,95.00,95.00,90.00,90.00,1575,1575,2225,1500,1,15,40.4362087,-86.8937502,159.477,-0.030,-0.180,-0.020,3,0.72,0.90,0.14,1
3476,27277,18460,15458,0,0,0.56024,-8.11634,4.72975,-0.136354,0.066046,-0.170442,-53.814,-7.735,-70.541,-0.0197,-0.1778,0.0239,-0.0292,0.1041,0.2075,0.0253817,-0.0587879,-0.0337723,-0.108432,0.029321,-0.014380,0.00000,0.00000,0.000,0.000,0.000,0.000,0.000,-6.0000,0.0000,0.0000,6.0000,95.00,95.00,90.00,90.00,1575,1575,2225,1500,1,15,40.4362087,-86.8937502,159.477,-0.030,-0.180,-0.020,3,0.72,0.90,0.14,1
3543,30851,35646,27640,0,0,1.43054,-8.24324,5.67665,-0.229032,-0.263120,0.024501,-54.527,-8.050,-70.211,-0.0213,-0.1880,0.0524,-0.0302,0.0950,0.2096,0.0253817,-0.0587879,-0.0337723,-0.108432,0.029321,-0.014380,0.00000,0.00000,0.000,0.000,0.000,0.000,0.000,-6.0000,0.0000,0.0000,6.0000,95.00,95.00,90.00,90.00,1575,1575,2225,1500,1,15,40.4362087,-86.8937502,159.477,-0.030,-0.180,-0.020,3,0.72,0.90,0.14,1
3570,35917,26167,23059,0,0,1.70707,-7.86735,6.10761,-0.176834,0.071373,0.037284,-54.925,-7.776,-70.347,0.0001,-0.1974,0.0642,-0.0306,0.0881,0.2117,0.0253817,-0.0587879,-0.0337723,-0.108432,0.029321,-0.014380,0.00000,0.00000,0.000,0.000,0.000,0.000,0.000,-6.0000,0.0000,0.0000,6.0000,95.00,95.00,90.00,90.00,1575,1575,2225,1500,1,15,40.4362087,-86.8937502,159.477,-0.030,-0.180,-0.020,3,0.72,0.90,0.14,1
3643,53756,18716,15643,0,0,1.31921,-8.05529,5.25527,-0.161920,0.035154,0.077764,-55.922,-7.888,-71.202,-0.0483,-0.0610,0.0356,-0.0453,0.1210,0.2078,0.0273684,-0.0584509,-0.0286782,-0.107004,0.023697,-0.018046,0.00000,0.00000,0.000,0.000,0.000,0.000,0.000,-6.0000,0.0000,0.0000,6.0000,95.00,95.00,90.00,90.00,1575,1575,2225,1500,1,15,40.4362085,-86.8937499,159.490,-0.060,0.020,-0.020,3,0.72,0.90,0.14,1
3673,19023,29758,21745,0,0,1.25935,-8.05409,5.43244,-0.196009,-0.079895,0.072438,-56.139,-7.792,-71.197,-0.0484,-0.0622,0.0362,-0.0463,0.1199,0.2084,0.0270315,-0.0593449,-0.0284568,-0.107629,0.023324,-0.018060,0.00000,0.00000,0.000,0.000,0.000,0.000,0.000,-6.0000,0.0000,0.0000,6.0000,95.00,95.00,90.00,90.00,1575,1575,2225,1500,1,15,40.4362085,-86.8937499,159.490,-0.060,0.020,-0.020,3,0.72,0.90,0.14,1
3717,28022,15928,12798,0,0,1.31801,-7.89249,5.17387,-0.264186,-0.104396,0.068177,-57.083,-7.632,-70.860,-0.0450,-0.0657,0.0224,-0.0490,0.1162,0.2101,0.0270315,-0.0593449,-0.0284568,-0.107629,0.023324,-0.018060,0.00000,0.00000,0.000,0.000,0.000,0.000,0.000,-6.0000,0.0000,0.0000,6.0000,95.00,95.00,90.00,90.00,1575,1575,2225,1500,1,15,40.4362085,-86.8937499,159.490,-0.060,0.020,-0.020,3,0.72,0.90,0.14,1
3768,28852,15951,12914,0,0,1.38505,-7.61715,5.59525,-0.345146,0.325971,-0.011718,-58.147,-7.087,-71.510,-0.0022,-0.0423,0.0253,-0.0517,0.1273,0.2138,0.0272558,-0.0592340,-0.0277923,-0.107463,0.021565,-0.023537,0.00000,0.00000,0.000,0.000,0.000,0.000,0.000,-6.0000,0.0000,0.0000,6.0000,95.00,95.00,90.00,90.00,1575,1575,2225,1500,1,15,40.4362083,-86.8937497,159.520,-0.010,-0.020,-0.040,3,0.71,0.90,0.11,1
3821,15918,15333,12331,0,0,1.16478,-8.49104,4.96318,-0.215183,-0.109722,0.111853,-58.908,-6.779,-71.609,-0.0196,-0.0471,0.0223,-0.0524,0.1249,0.2150,0.0272558,-0.0592340,-0.0277923,-0.107463,0.021565,-0.023537,0.00000,0.00000,0.000,0.000,0.000,0.000,0.000,-6.0000,0.0000,0.0000,6.0000,95.00,95.00,90.00,90.00,1575,1575,2225,1500,1,15,40.4362083,-86.8937497,159.520,-0.010,-0.020,-0.040,3,0.71,0.90,0.11,1
3876,15893,18380,15400,0,0,1.59454,-8.40963,5.30795,-0.084156,-0.180030,0.044741,-59.199,-6.919,-70.476,0.0008,-0.0728,0.0288,-0.0526,0.1213,0.2163,0.0240394,-0.0540612,-0.0298098,-0.097945,0.022508,-0.021452,0.00000,0.00000,0.000,0.000,0.000,0.000,0.000,-6.0000,0.0000,0.0000,6.0000,95.00,95.00,90.00,90.00,1575,1575,2225,1500,1,15,40.4362083,-86.8937497,159.520,-0.010,-0.020,-0.040,3,0.71,0.90,0.11,1
3923,29971,16442,13297,0,0,1.57179,-8.22648,5.65510,-0.154463,-0.185356,0.170442,-59.337,-6.739,-69.701,0.0215,-0.0863,0.0407,-0.0526,0.1171,0.2179,0.0206318,-0.0511579,-0.0308933,-0.093072,0.022572,-0.019522,0.00000,0.00000,0.000,0.000,0.000,0.000,0.000,-6.0000,0.0000,0.0000,6.0000,95.00,95.00,90.00,90.00,1575,1575,2225,1500,1,15,40.4362083,-86.8937497,159.520,-0.010,-0.020,-0.040,3,0.71,0.90,0.11,1
3978,30604,18580,15154,0,0,1.32758,-8.45991,5.37139,-0.064981,-0.019175,0.049002,-58.987,-6.770,-69.222,0.0563,-0.0007,0.0262,-0.0469,0.1438,0.2147,0.0130858,-0.0448096,-0.0308268,-0.080448,0.012369,-0.026015,0.00000,0.00000,0.000,0.000,0.000,0.000,0.000,-6.0000,0.0000,0.0000,6.0000,95.00,95.00,90.00,90.00,1575,1575,2225,1500,1,15,40.4362084,-86.8937494,159.509,0.080,0.070,0.000,3,0.71,0.89,0.09,1
4037,38271,20835,15173,0,0,1.47842,-8.37133,5.39533,0.000000,-0.265251,0.034088,-59.020,-6.895,-68.216,0.0691,-0.0120,0.0399,-0.0432,0.1433,0.2165,0.0114214,-0.0425006,-0.0318837,-0.075232,0.012825,-0.024917,0.00000,0.00000,0.000,0.000,0.000,0.000,0.000,-6.0000,0.0000,0.0000,6.0000,95.00,95.00,90.00,90.00,1575,1575,2225,1500,1,15,40.4362084,-86.8937494,159.509,0.080,0.070,0.000,3,0.71,0.89,0.09,1
4083,47299,18726,15702,0,0,1.37906,-8.07325,5.28640,0.021305,-0.148072,-0.051133,-58.790,-7.075,-67.835,0.0823,-0.0195,0.0381,-0.0396,0.1424,0.2183,0.0089878,-0.0411496,-0.0325683,-0.072186,0.012747,-0.023452,0.00000,0.00000,0.000,0.000,0.000,0.000,0.000,-6.0000,0.0000,0.0000,6.0000,95.00,95.00,90.00,90.00,1575,1575,2225,1500,1,15,40.4362084,-86.8937494,159.509,0.080,0.070,0.000,3,0.71,0.89,0.09,1
4138,31052,24464,21409,0,0,1.32280,-8.06846,5.25288,0.026632,-0.194943,-0.175769,-58.467,-7.765,-67.722,0.0861,0.0172,0.0501,-0.0397,0.1581,0.2261,0.0065393,-0.0405026,-0.0318326,-0.070671,0.013130,-0.026293,0.00000,0.00000,0.000,0.000,0.000,0.000,0.000,-6.0000,0.0000,0.0000,6.0000,95.00,95.00,90.00,90.00,1575,1575,2225,1500,1,15,40.4362084,-86.8937490,159.566,0.089,0.044,-0.060,3,0.71,0.89,0.10,1
4169,24855,29970,22003,0,0,1.42934,-8.10677,5.16669,0.067112,-0.199204,-0.209857,-58.312,-8.091,-67.611,0.0895,0.0151,0.0487,-0.0374,0.1586,0.2273,0.0057476,-0.0401088,-0.0320705,-0.069588,0.013015,-0.025969,0.00000,0.00000,0.000,0.000,0.000,0.000,0.000,-6.0000,0.0000,0.0000,6.0000,95.00,95.00,90.00,90.00,1575,1575,2225,1500,1,15,40.4362084,-86.8937490,159.566,0.090,0.040,-0.060,3,0.71,0.89,0.10,1
4233,16000,18254,15257,0,0,1.70946,-8.13669,5.18225,0.010653,-0.239684,-0.120375,-58.285,-9.015,-67.037,0.0919,0.0090,0.0579,-0.0307,0.1596,0.2314,0.0059270,-0.0398222,-0.0321490,-0.069181,0.013241,-0.025893,0.00000,0.00000,0.000,0.000,0.000,0.000,0.000,-6.0000,0.0000,0.0000,6.0000,95.00,95.00,90.00,90.00,1575,1575,2225,1500,1,15,40.4362084,-86.8937490,159.566,0.090,0.040,-0.060,3,0.71,0.89,0.10,1
4285,33346,18746,15726,0,0,1.69031,-8.43118,5.12120,-0.021305,-0.171508,-0.091613,-58.388,-9.398,-66.615,0.0955,0.0021,0.0659,-0.0258,0.1598,0.2346,0.0055936,-0.0385250,-0.0325947,-0.067111,0.013647,-0.025506,0.00000,0.00000,0.000,0.000,0.000,0.000,0.000,-6.0000,0.0000,0.0000,6.0000,95.00,95.00,90.00,90.00,1575,1575,2225,1500,1,15,40.4362084,-86.8937490,159.566,0.090,0.040,-0.060,3,0.71,0.89,0.10,1
4338,25781,21984,18942,0,0,2.00036,-8.04571,5.54258,-0.068177,-0.281230,-0.035154,-58.339,-10.294,-66.218,0.0115,0.0855,0.0383,-0.0482,0.1869,0.2314,0.0019662,-0.0363655,-0.0297863,-0.060579,0.015819,-0.010110,0.00000,0.00000,0.000,0.000,0.000,0.000,0.000,-6.0000,0.0000,0.0000,6.0000,95.00,95.00,90.00,90.00,1575,1575,2225,1500,1,15,40.4362083,-86.8937486,159.555,-0.060,0.140,-0.010,3,0.71,0.89,0.17,1
4369,22252,30052,21986,0,0,2.31639,-8.16662,5.41688,-0.107592,-0.249272,0.034088,-58.412,-10.333,-65.609,0.0216,0.0756,0.0442,-0.0475,0.1885,0.2324,0.0005334,-0.0338428,-0.0311206,-0.053548,0.016791,-0.008787,0.00000,0.00000,0.000,0.000,0.000,0.000,0.000,-6.0000,0.0000,0.0000,6.0000,95.00,95.00,90.00,90.00,1575,1575,2225,1500,1,15,40.4362083,-86.8937486,159.555,-0.060,0.140,-0.010,3,0.71,0.89,0.17,1
4431,16022,15774,12769,0,0,1.94409,-8.15106,4.81115,-0.209857,-0.238619,-0.074569,-59.431,-10.713,-64.731,0.0360,0.0572,0.0391,-0.0454,0.1934,0.2355,0.0009261,-0.0325940,-0.0314155,-0.052271,0.017271,-0.008833,0.00000,0.00000,0.000,0.000,0.000,0.000,0.000,-6.0000,0.0000,0.0000,6.0000,95.00,95.00,90.00,90.00,1575,1575,2225,1500,1,15,40.4362083,-86.8937486,159.555,-0.060,0.140,-0.010,3,0.71,0.89,0.17,1
4488,36243,20252,12984,0,0,2.17034,-8.40844,4.95839,-0.327036,-0.133158,-0.044741,-60.436,-10.955,-64.432,0.0465,0.0495,0.0470,-0.0433,0.1963,0.2377,0.0009261,-0.0325940,-0.0314155,-0.052271,0.017271,-0.008833,0.00000,0.00000,0.000,0.000,0.000,0.000,0.000,-6.0000,0.0000,0.0000,6.0000,95.00,95.00,90.00,90.00,1575,1575,2225,1500,1,15,40.4362083,-86.8937486,159.555,-0.060,0.140,-0.010,3,0.71,0.89,0.17,1
4518,20524,30494,22535,0,0,1.96923,-8.46590,4.48195,-0.410127,-0.098004,-0.015979,-60.935,-10.977,-64.355,0.0443,0.0448,0.0470,-0.0424,0.1972,0.2387,0.0009261,-0.0325940,-0.0314155,-0.052271,0.017271,-0.008833,0.00000,0.00000,0.000,0.000,0.000,0.000,0.000,-6.0000,0.0000,0.0000,6.0000,95.00,95.00,90.00,90.00,1575,1575,2225,1500,1,15,40.4362083,-86.8937486,159.555,-0.060,0.140,-0.010,3,0.71,0.89,0.17,1
4599,29458,46149,34094,0,0,2.04944,-8.35816,4.33231,-0.426106,-0.226901,-0.019175,-62.629,-11.158,-63.730,0.0219,-0.0049,0.0352,-0.0502,0.1992,0.2429,0.0007448,-0.0327017,-0.0319056,-0.052693,0.019999,-0.002274,0.00000,0.00000,0.000,0.000,0.000,0.000,0.000,-6.0000,0.0000,0.0000,6.0000,95.00,95.00,90.00,90.00,1575,1575,2225,1500,1,15,40.4362082,-86.8937486,159.574,0.005,-0.026,-0.033,3,0.70,0.89,0.11,1
4627,46488,27404,23956,0,0,2.04106,-8.85735,4.00071,-0.496413,-0.159790,0.084156,-64.040,-11.034,-63.280,0.0140,-0.0189,0.0420,-0.0493,0.1986,0.2447,0.0007448,-0.0327017,-0.0319056,-0.052693,0.019999,-0.002274,0.00000,0.00000,0.000,0.000,0.000,0.000,0.000,-6.0000,0.0000,0.0000,6.0000,95.00,95.00,90.00,90.00,1575,1575,2225,1500,1,15,40.4362082,-86.8937486,159.574,0.010,-0.030,-0.030,3,0.70,0.89,0.11,1
4670,26903,15890,12877,0,0,2.29843,-8.79390,3.67390,-0.509196,-0.266316,0.180030,-65.811,-10.717,-62.366,0.0062,-0.0490,0.0415,-0.0489,0.1968,0.2469,0.0007448,-0.0327017,-0.0319056,-0.052693,0.019999,-0.002274,0.00000,0.00000,0.000,0.000,0.000,0.000,0.000,-6.0000,0.0000,0.0000,6.0000,95.00,95.00,90.00,90.00,1575,1575,2225,1500,1,15,40.4362082,-86.8937486,159.574,0.010,-0.030,-0.030,3,0.70,0.89,0.11,1
4731,18118,21984,18929,0,0,1.99437,-9.34337,3.08972,-0.481500,-0.223706,0.153398,-67.495,-10.577,-61.612,-0.0220,-0.0432,0.0252,-0.0544,0.2074,0.2452,0.0007414,-0.0325637,-0.0310100,-0.051642,0.015133,-0.002759,0.00000,0.00000,0.000,0.000,0.000,0.000,0.000,-6.0000,0.0000,0.0000,6.0000,95.00,95.00,90.00,90.00,1575,1575,2225,1500,1,15,40.4362081,-86.8937486,159.572,-0.022,-0.017,-0.002,3,0.70,0.89,0.09,1
4768,16280,15798,12770,0,0,1.95367,-9.65462,2.76051,-0.376038,-0.239684,0.118244,-68.640,-10.413,-60.918,-0.0524,-0.0679,0.0378,-0.0560,0.2050,0.2465,0.0007414,-0.0325637,-0.0310100,-0.051642,0.015133,-0.002759,0.00000,0.00000,0.000,0.000,0.000,0.000,0.000,-6.0000,0.0000,0.0000,6.0000,95.00,95.00,90.00,90.00,1575,1575,2225,1500,1,15,40.4362081,-86.8937486,159.572,-0.020,-0.020,0.000,3,0.70,0.89,0.09,1
4827,16102,15763,12761,0,0,2.03986,-9.74799,2.83473,-0.181095,-0.237554,0.094809,-69.594,-10.266,-60.073,-0.0939,-0.1043,0.0794,-0.0604,0.1999,0.2500,0.0007414,-0.0325637,-0.0310100,-0.051642,0.015133,-0.002759,0.00000,0.00000,0.000,0.000,0.000,0.000,0.000,-6.0000,0.0000,0.0000,6.0000,95.00,95.00,90.00,90.00,1575,1575,2225,1500,1,15,40.4362081,-86.8937486,159.572,-0.020,-0.020,0.000,3,0.70,0.89,0.09,1
4877,26085,18444,15092,0,0,2.22780,-9.03811,2.90058,-0.018109,-0.106526,-0.044741,-70.706,-10.319,-59.179,-0.0729,-0.1141,0.0831,-0.0638,0.1949,0.2541,0.0070003,-0.0284652,-0.0318319,-0.042281,0.017639,-0.006061,0.00000,0.00000,0.000,0.000,0.000,0.000,0.000,-6.0000,0.0000,0.0000,6.0000,95.00,95.00,90.00,90.00,1575,1575,2225,1500,1,15,40.4362081,-86.8937486,159.572,-0.020,-0.020,0.000,3,0.70,0.89,0.09,1
4942,20253,24667,21633,0,0,2.17034,-9.13268,2.90536,0.019175,-0.168312,-0.073503,-71.311,-10.856,-58.295,-0.0736,-0.0453,0.0079,-0.0738,0.2115,0.2413,0.0103513,-0.0245921,-0.0311095,-0.026673,0.007452,-0.008286,0.00000,0.00000,0.000,0.000,0.000,0.000,0.000,-6.0000,0.0000,0.0000,6.0000,95.00,95.00,90.00,90.00,1575,1575,2225,1500,1,15,40.4362079,-86.8937488,159.528,-0.080,0.010,0.050,3,0.70,0.88,0.11,1
4985,23868,18390,15364,0,0,1.99078,-8.99741,2.58694,-0.010653,-0.138484,-0.049002,-71.712,-10.945,-57.749,-0.0685,-0.0579,0.0006,-0.0776,0.2085,0.2416,0.0125392,-0.0224153,-0.0318143,-0.019742,0.009225,-0.008293,0.00000,0.00000,0.000,0.000,0.000,0.000,0.000,-6.0000,0.0000,0.0000,6.0000,95.00,95.00,90.00,90.00,1575,1575,2225,1500,1,15,40.4362079,-86.8937488,159.528,-0.080,0.010,0.050,3,0.70,0.88,0.11,1
5024,18644,38916,30899,0,0,1.96444,-8.96030,2.66953,-0.053263,-0.198139,-0.010653,-71.974,-11.008,-57.489,-0.0673,-0.0598,-0.0036,-0.0790,0.2073,0.2416,0.0135493,-0.0218131,-0.0317871,-0.019524,0.009490,-0.008502,0.00000,0.00000,0.000,0.000,0.000,0.000,0.000,-6.0000,0.0000,0.0000,6.0000,95.00,95.00,90.00,90.00,1575,1575,2225,1500,1,15,40.4362079,-86.8937488,159.528,-0.080,0.010,0.050,3,0.70,0.88,0.11,1
5078,31638,22690,19662,0,0,1.92853,-8.98783,2.61926,-0.160855,-0.209857,0.105461,-72.727,-10.915,-56.552,-0.0828,-0.0800,-0.0258,-0.0845,0.2022,0.2405,0.0135493,-0.0218131,-0.0317871,-0.019524,0.009490,-0.008502,0.00000,0.00000,0.000,0.000,0.000,0.000,0.000,-6.0000,0.0000,0.0000,6.0000,95.00,95.00,90.00,90.00,1575,1575,2225,1500,1,15,40.4362079,-86.8937488,159.528,-0.080,0.010,0.050,3,0.70,0.88,0.11,1
5138,17520,21898,18873,0,0,2.12964,-8.82024,2.52828,-0.177899,-0.183225,-0.035154,-73.600,-11.078,-55.836,-0.0758,-0.0369,-0.0407,-0.0924,0.2159,0.2417,0.0135558,-0.0215043,-0.0306136,-0.019546,0.009616,-0.015809,0.00000,0.00000,0.000,0.000,0.000,0.000,0.000,-6.0000,0.0000,0.0000,6.0000,95.00,95.00,90.00,90.00,1575,1575,2225,1500,1,15,40.4362077,-86.8937487,159.543,-0.067,0.006,0.030,3,0.70,0.88,0.12,1
5185,27496,18492,15472,0,0,2.18231,-9.37330,2.53426,-0.137419,-0.107592,0.004261,-74.228,-11.004,-55.190,-0.0697,-0.0526,-0.0313,-0.0962,0.2134,0.2400,0.0141500,-0.0203119,-0.0311674,-0.014557,0.010641,-0.015558,0.00000,0.00000,0.000,0.000,0.000,0.000,0.000,-6.0000,0.0000,0.0000,6.0000,95.00,95.00,90.00,90.00,1575,1575,2225,1500,1,15,40.4362077,-86.8937487,159.543,-0.070,0.010,0.030,3,0.70,0.88,0.11,1
5227,23536,18311,15287,0,0,2.25534,-10.06642,2.64440,-0.084156,-0.098004,-0.108657,-74.699,-11.243,-54.743,-0.0643,-0.0593,-0.0023,-0.0990,0.2109,0.2392,0.0152560,-0.0189328,-0.0315548,-0.010792,0.011503,-0.015448,0.00000,0.00000,0.000,0.000,0.000,0.000,0.000,-6.0000,0.0000,0.0000,6.0000,95.00,95.00,90.00,90.00,1575,1575,2225,1500,1,15,40.4362077,-86.8937487,159.543,-0.070,0.010,0.030,3,0.70,0.88,0.11,1
5274,28712,18417,15392,0,0,2.25654,-9.66659,2.44568,-0.038350,-0.166181,-0.124636,-75.192,-11.625,-54.321,-0.0623,-0.0625,0.0228,-0.1020,0.2083,0.2398,0.0170016,-0.0180932,-0.0311589,-0.013261,0.011224,-0.015898,0.00000,0.00000,0.000,0.000,0.000,0.000,0.000,-6.0000,0.0000,0.0000,6.0000,95.00,95.00,90.00,90.00,1575,1575,2225,1500,1,15,40.4362077,-86.8937487,159.543,-0.070,0.010,0.030,3,0.70,0.88,0.11,1
5340,35597,24621,21619,0,0,2.40617,-9.73004,2.47082,-0.034088,-0.108657,-0.003196,-75.529,-11.683,-53.834,-0.0277,-0.0608,-0.0048,-0.1049,0.2118,0.2286,0.0175623,-0.0168254,-0.0318746,-0.005505,0.002302,-0.017578,0.00000,0.00000,0.000,0.000,0.000,0.000,0.000,-6.0000,0.0000,0.0000,6.0000,95.00,95.00,90.00,90.00,1575,1575,2225,1500,1,15,40.4362075,-86.8937489,159.528,-0.010,-0.050,0.050,3,0.69,0.88,0.15,1
5370,24919,30092,22123,0,0,2.36787,-9.49660,2.24696,0.007457,-0.092678,-0.005326,-75.681,-11.663,-53.554,-0.0238,-0.0688,0.0011,-0.1057,0.2100,0.2286,0.0181284,-0.0158319,-0.0321608,-0.003021,0.002883,-0.017261,0.00000,0.00000,0.000,0.000,0.000,0.000,0.000,-6.0000,0.0000,0.0000,6.0000,95.00,95.00,90.00,90.00,1575,1575,2225,1500,1,15,40.4362075,-86.8937489,159.528,-0.010,-0.050,0.050,3,0.69,0.88,0.15,1
5418,29584,18440,15021,0,0,2.11049,-9.12670,1.94170,-0.078830,-0.141680,0.041545,-76.271,-11.646,-52.912,-0.0199,-0.0833,-0.0064,-0.1071,0.2052,0.2285,0.0194379,-0.0143799,-0.0323251,-0.001199,0.003327,-0.017077,0.00000,0.00000,0.000,0.000,0.000,0.000,0.000,-6.0000,0.0000,0.0000,6.0000,95.00,95.00,90.00,90.00,1575,1575,2225,1500,1,15,40.4362075,-86.8937489,159.528,-0.010,-0.050,0.050,3,0.69,0.88,0.15,1
5474,15685,15715,12455,0,0,1.86748,-9.10515,1.67235,-0.209857,-0.106526,0.247141,-77.057,-10.958,-52.497,-0.0265,-0.0973,-0.0263,-0.1082,0.1999,0.2276,0.0196586,-0.0137568,-0.0325590,0.000636,0.003697,-0.016960,0.00000,0.00000,0.000,0.000,0.000,0.000,0.000,-6.0000,0.0000,0.0000,6.0000,95.00,95.00,90.00,90.00,1575,1575,2225,1500,1,15,40.4362075,-86.8937489,159.528,-0.010,-0.050,0.050,3,0.69,0.88,0.15,1
5544,53759,16090,13006,0,0,1.92973,-9.22725,1.52391,-0.246076,-0.256729,0.225836,-78.286,-10.146,-51.389,-0.0350,-0.1250,-0.0447,-0.1103,0.1922,0.2251,0.0196586,-0.0137568,-0.0325590,0.000636,0.003697,-0.016960,0.00000,0.00000,0.000,0.000,0.000,0.000,0.000,-6.0000,0.0000,0.0000,6.0000,95.00,95.00,90.00,90.00,1575,1575,2225,1500,1,15,40.4362075,-86.8937489,159.528,-0.010,-0.050,0.050,3,0.69,0.88,0.15,1
5581,16372,36095,28008,0,0,1.96684,-9.12909,1.47004,-0.274838,-0.271642,0.169377,-78.611,-10.009,-51.109,-0.0360,-0.1328,-0.0506,-0.1109,0.1901,0.2243,0.0196586,-0.0137568,-0.0325590,0.000636,0.003697,-0.016960,0.00000,0.00000,0.000,0.000,0.000,0.000,0.000,-6.0000,0.0000,0.0000,6.0000,95.00,95.00,90.00,90.00,1575,1575,2225,1500,1,15,40.4362075,-86.8937489,159.528,-0.010,-0.050,0.050,3,0.69,0.88,0.15,1
5628,37374,46252,38152,0,0,1.93332,-9.27394,1.48321,-0.378169,-0.156594,0.088417,-79.570,-10.342,-50.874,-0.0325,0.0195,-0.0530,-0.1148,0.2298,0.2243,0.0195182,-0.0130733,-0.0299666,0.001764,0.000907,-0.032696,0.00000,0.00000,0.000,0.000,0.000,0.000,0.000,-6.0000,0.0000,0.0000,6.0000,95.00,95.00,90.00,90.00,1575,1575,2225,1500,1,15,40.4362074,-86.8937485,159.527,-0.020,0.110,0.050,3,0.69,0.88,0.14,1
5672,26843,17045,13998,0,0,2.01233,-9.48942,1.42934,-0.315318,-0.196009,0.029827,-81.148,-10.124,-50.085,-0.0305,0.0015,-0.0446,-0.1173,0.2306,0.2208,0.0195182,-0.0130733,-0.0299666,0.001764,0.000907,-0.032696,0.00000,0.00000,0.000,0.000,0.000,0.000,0.000,-6.0000,0.0000,0.0000,6.0000,95.00,95.00,90.00,90.00,1575,1575,2225,1500,1,15,40.4362074,-86.8937485,159.527,-0.020,0.110,0.050,3,0.69,0.88,0.14,1
5732,16817,21992,18971,0,0,1.98958,-9.69293,1.21266,-0.215183,-0.105461,-0.045806,-82.052,-10.112,-49.670,-0.0133,-0.0243,-0.0418,-0.1220,0.2315,0.2172,0.0195783,-0.0131440,-0.0302828,0.001969,0.000103,-0.032487,0.00000,0.00000,0.000,0.000,0.000,0.000,0.000,-6.0000,0.0000,0.0000,6.0000,95.00,95.00,90.00,90.00,1575,1575,2225,1500,1,15,40.4362073,-86.8937487,159.509,-0.006,-0.034,0.047,3,0.69,0.88,0.14,1
5772,43271,18725,15715,0,0,1.94649,-9.86172,1.10373,-0.133158,-0.126766,-0.015979,-82.616,-10.091,-49.271,-0.0111,-0.0327,-0.0286,-0.1228,0.2301,0.2157,0.0202577,-0.0125487,-0.0304395,0.004237,0.000454,-0.032188,0.00000,0.00000,0.000,0.000,0.000,0.000,0.000,-6.0000,0.0000,0.0000,6.0000,95.00,95.00,90.00,90.00,1575,1575,2225,1500,1,15,40.4362073,-86.8937487,159.509,-0.010,-0.030,0.050,3,0.69,0.88,0.14,1
5821,30524,18030,14970,0,0,2.09134,-9.46308,0.96367,-0.061785,-0.088417,0.116114,-83.209,-9.533,-48.377,0.0064,-0.0515,-0.0292,-0.1232,0.2277,0.2144,0.0215261,-0.0101322,-0.0318148,0.017936,0.002890,-0.031391,0.00000,0.00000,0.000,0.000,0.000,0.000,0.000,-6.0000,0.0000,0.0000,6.0000,95.00,95.00,90.00,90.00,1575,1575,2225,1500,1,15,40.4362073,-86.8937487,159.509,-0.010,-0.030,0.050,3,0.69,0.88,0.14,1
5870,29743,18396,15363,0,0,1.95127,-9.92397,0.99718,-0.049002,0.074569,0.162985,-83.578,-8.723,-47.787,0.0302,-0.0737,-0.0196,-0.1219,0.2242,0.2131,0.0221921,-0.0073692,-0.0337520,0.035354,0.006113,-0.030678,0.00000,0.00000,0.000,0.000,0.000,0.000,0.000,-6.0000,0.0000,0.0000,6.0000,95.00,95.00,90.00,90.00,1575,1575,2225,1500,1,15,40.4362073,-86.8937487,159.509,-0.010,-0.030,0.050,3,0.69,0.88,0.14,1
5918,29268,18903,15447,0,0,1.61130,-9.47386,0.55905,-0.072438,-0.105461,0.027697,-84.239,-8.415,-47.280,0.0363,-0.0819,-0.0254,-0.1197,0.2209,0.2121,0.0241680,-0.0060572,-0.0338933,0.039626,0.006372,-0.030735,0.00000,0.00000,0.000,0.000,0.000,0.000,0.000,-6.0000,0.0000,0.0000,6.0000,95.00,95.00,90.00,90.00,1575,1575,2225,1500,1,15,40.4362073,-86.8937487,159.509,-0.010,-0.030,0.050,3,0.69,0.88,0.14,1
5977,34103,18615,15630,0,0,1.48680,-9.88446,0.81044,-0.149137,-0.036219,-0.003196,-85.007,-8.620,-47.075,0.0446,0.0157,0.0226,-0.1193,0.2454,0.2216,0.0249312,-0.0054683,-0.0324850,0.039165,0.008947,-0.041652,0.00000,0.00000,0.000,0.000,0.000,0.000,0.000,-6.0000,0.0000,0.0000,6.0000,95.00,95.00,90.00,90.00,1575,1575,2225,1500,1,15,40.4362072,-86.8937483,159.549,0.060,0.080,-0.040,3,0.69,0.87,0.13,1
6041,38310,26155,17781,0,0,1.19231,-9.84735,0.46208,-0.164051,-0.242880,0.010653,-85.745,-8.571,-46.545,0.0281,0.0203,0.0280,-0.1172,0.2464,0.2230,0.0251294,-0.0055389,-0.0323651,0.038564,0.008770,-0.041629,0.00000,0.00000,0.000,0.000,0.000,0.000,0.000,-6.0000,0.0000,0.0000,6.0000,95.00,95.00,90.00,90.00,1575,1575,2225,1500,1,15,40.4362072,-86.8937483,159.549,0.060,0.080,-0.040,3,0.69,0.87,0.13,1
6072,26393,30807,22799,0,0,1.65679,-9.85214,0.97564,-0.218379,-0.207727,0.101200,-86.161,-8.391,-46.222,0.0377,0.0238,0.0341,-0.1163,0.2470,0.2238,0.0251294,-0.0055389,-0.0323651,0.038564,0.008770,-0.041629,0.00000,0.00000,0.000,0.000,0.000,0.000,0.000,-6.0000,0.0000,0.0000,6.0000,95.00,95.00,90.00,90.00,1575,1575,2225,1500,1,15,40.4362072,-86.8937483,159.549,0.060,0.080,-0.040,3,0.69,0.87,0.13,1
6124,28091,22226,19103,0,0,1.78129,-9.45351,0.36631,-0.263120,0.007457,0.152333,-87.146,-7.864,-45.960,0.0500,0.0226,0.0252,-0.1190,0.2559,0.2245,0.0251274,-0.0054845,-0.0321748,0.038923,0.007206,-0.043085,0.00000,0.00000,0.000,0.000,0.000,0.000,0.000,-6.0000,0.0000,0.0000,6.0000,95.00,95.00,90.00,90.00,1575,1575,2225,1500,1,15,40.4362072,-86.8937482,159.533,0.052,0.034,-0.017,3,0.69,0.87,0.14,1
6187,24958,16050,12984,0,0,1.25576,-9.74919,-0.26935,-0.263120,-0.263120,0.082025,-88.465,-7.493,-44.728,0.0438,0.0016,0.0184,-0.1156,0.2567,0.2259,0.0251274,-0.0054845,-0.0321748,0.038923,0.007206,-0.043085,0.00000,0.00000,0.000,0.000,0.000,0.000,0.000,-6.0000,0.0000,0.0000,6.0000,95.00,95.00,90.00,90.00,1575,1575,2225,1500,1,15,40.4362072,-86.8937482,159.533,0.050,0.030,-0.020,3,0.69,0.87,0.14,1
6229,26271,15907,12870,0,0,1.44251,-9.33140,-0.66918,-0.242880,-0.394148,0.092678,-89.249,-7.064,-43.861,0.0355,-0.0169,0.0016,-0.1139,0.2565,0.2263,0.0251274,-0.0054845,-0.0321748,0.038923,0.007206,-0.043085,0.00000,0.00000,0.000,0.000,0.000,0.000,0.000,-6.0000,0.0000,0.0000,6.0000,95.00,95.00,90.00,90.00,1575,1575,2225,1500,1,15,40.4362072,-86.8937482,159.533,0.050,0.030,-0.020,3,0.69,0.87,0.14,1
6275,26938,18434,15430,0,0,1.71664,-9.93235,0.59137,-0.194943,0.076699,0.008522,-89.543,-6.547,-43.359,0.0618,-0.0338,0.0048,-0.1115,0.2545,0.2264,0.0238627,-0.0044008,-0.0340797,0.053103,0.010460,-0.043053,0.00000,0.00000,0.000,0.000,0.000,0.000,0.000,-6.0000,0.0000,0.0000,6.0000,95.00,95.00,90.00,90.00,1575,1575,2225,1500,1,15,40.4362072,-86.8937482,159.533,0.050,0.030,-0.020,3,0.69,0.87,0.14,1
6326,28541,22046,19010,0,0,0.85114,-9.22606,-0.68714,-0.155529,-0.338754,0.000000,-90.156,-6.219,-42.780,0.0843,-0.0485,0.0084,-0.1034,0.2573,0.2307,0.0241137,-0.0045256,-0.0347131,0.052357,0.012495,-0.048996,0.00000,0.00000,0.000,0.000,0.000,0.000,0.000,-6.0000,0.0000,0.0000,6.0000,95.00,95.00,90.00,90.00,1575,1575,2225,1500,1,15,40.4362072,-86.8937483,159.522,0.124,-0.044,-0.023,3,0.69,0.87,0.17,1
6369,26720,15925,12908,0,0,0.93015,-9.24042,-0.02274,-0.106526,-0.529436,-0.192813,-90.717,-6.613,-41.285,0.0721,-0.0388,-0.0218,-0.0997,0.2551,0.2303,0.0241137,-0.0045256,-0.0347131,0.052357,0.012495,-0.048996,0.00000,0.00000,0.000,0.000,0.000,0.000,0.000,-6.0000,0.0000,0.0000,6.0000,95.00,95.00,90.00,90.00,1575,1575,2225,1500,1,15,40.4362072,-86.8937483,159.522,0.120,-0.040,-0.020,3,0.69,0.87,0.17,1
6431,16056,15735,12755,0,0,1.83635,-9.85094,0.37589,-0.295078,-0.248207,0.018109,-91.574,-6.779,-39.890,0.1134,-0.0238,-0.0130,-0.0941,0.2533,0.2292,0.0241137,-0.0045256,-0.0347131,0.052357,0.012495,-0.048996,0.00000,0.00000,0.000,0.000,0.000,0.000,0.000,-6.0000,0.0000,0.0000,6.0000,95.00,95.00,90.00,90.00,1575,1575,2225,1500,1,15,40.4362072,-86.8937483,159.522,0.120,-0.040,-0.020,3,0.69,0.87,0.17,1
6475,22323,15858,12538,0,0,2.06500,-9.59476,-0.14844,-0.321710,-0.394148,0.100135,-92.479,-6.450,-38.867,0.1424,-0.0404,-0.0074,-0.0886,0.2519,0.2288,0.0241137,-0.0045256,-0.0347131,0.052357,0.012495,-0.048996,0.00000,0.00000,0.000,0.000,0.000,0.000,0.000,-6.0000,0.0000,0.0000,6.0000,95.00,95.00,90.00,90.00,1575,1575,2225,1500,1,15,40.4362072,-86.8937483,159.522,0.120,-0.040,-0.020,3,0.69,0.87,0.17,1
6535,36541,23757,20702,0,0,1.82438,-10.00058,-0.18914,-0.420779,-0.112918,0.211988,-93.831,-5.825,-38.368,0.1907,-0.0461,0.0042,-0.0799,0.2495,0.2287,0.0241137,-0.0045256,-0.0347131,0.052357,0.012495,-0.048996,0.00000,0.00000,0.000,0.000,0.000,0.000,0.000,-6.0000,0.0000,0.0000,6.0000,95.00,95.00,90.00,90.00,1575,1575,2225,1500,1,15,40.4362072,-86.8937483,159.522,0.120,-0.040,-0.020,3,0.69,0.87,0.17,1
6608,31383,41070,33174,0,0,1.39941,-9.12550,-0.97444,-0.311057,-0.177899,0.188552,-95.058,-5.506,-37.958,0.1240,0.0350,0.0073,-0.0955,0.2758,0.2333,0.0237741,-0.0040528,-0.0325292,0.053426,0.014681,-0.050605,0.00000,0.00000,0.000,0.000,0.000,0.000,0.000,-6.0000,0.0000,0.0000,6.0000,95.00,95.00,90.00,90.00,1575,1575,2225,1500,1,15,40.4362072,-86.8937479,159.517,0.080,0.090,-0.020,3,0.69,0.87,0.14,1
6645,61901,16125,13034,0,0,0.90501,-8.68497,-1.55623,-0.219444,-0.169377,0.005326,-95.974,-5.316,-37.385,0.1033,0.0047,-0.0519,-0.0885,0.2770,0.2319,0.0237741,-0.0040528,-0.0325292,0.053426,0.014681,-0.050605,0.00000,0.00000,0.000,0.000,0.000,0.000,0.000,-6.0000,0.0000,0.0000,6.0000,95.00,95.00,90.00,90.00,1575,1575,2225,1500,1,15,40.4362072,-86.8937479,159.517,0.080,0.090,-0.020,3,0.69,0.87,0.14,1
6685,21108,18431,15420,0,0,0.81403,-9.33858,-1.61848,-0.060720,-0.181095,-0.124636,-96.804,-5.889,-37.167,0.0843,0.0118,-0.0684,-0.0854,0.2778,0.2295,0.0254613,-0.0041291,-0.0307626,0.037277,0.010863,-0.048527,0.00000,0.00000,0.000,0.000,0.000,0.000,0.000,-6.0000,0.0000,0.0000,6.0000,95.00,95.00,90.00,90.00,1575,1575,2225,1500,1,15,40.4362072,-86.8937479,159.517,0.080,0.090,-0.020,3,0.69,0.87,0.14,1
6736,28576,21987,18951,0,0,1.24139,-9.65821,-1.55384,-0.131028,-0.205596,-0.246076,-97.295,-6.341,-36.543,0.0639,0.0069,-0.0226,-0.0926,0.2833,0.2372,0.0253731,-0.0040848,-0.0304872,0.037328,0.017164,-0.046823,0.00000,0.00000,0.000,0.000,0.000,0.000,0.000,-6.0000,0.0000,0.0000,6.0000,95.00,95.00,90.00,90.00,1575,1575,2225,1500,1,15,40.4362071,-86.8937479,159.522,0.050,0.010,-0.020,3,0.69,0.87,0.11,1
6779,27577,15463,12427,0,0,1.32998,-9.53251,-1.17316,-0.140615,-0.202400,-0.094809,-97.769,-6.519,-35.827,0.0654,-0.0017,-0.0242,-0.0896,0.2833,0.2361,0.0253731,-0.0040848,-0.0304872,0.037328,0.017164,-0.046823,0.00000,0.00000,0.000,0.000,0.000,0.000,0.000,-6.0000,0.0000,0.0000,6.0000,95.00,95.00,90.00,90.00,1575,1575,2225,1500,1,15,40.4362071,-86.8937479,159.522,0.050,0.010,-0.020,3,0.69,0.87,0.11,1
6838,39153,19853,15278,0,0,1.55264,-9.30387,-1.63165,-0.174703,0.017044,0.038350,-98.363,-5.765,-35.102,0.0973,-0.0277,-0.0320,-0.0849,0.2824,0.2348,0.0257175,-0.0013473,-0.0328323,0.062917,0.021515,-0.046295,0.00000,0.00000,0.000,0.000,0.000,0.000,0.000,-6.0000,0.0000,0.0000,6.0000,95.00,95.00,90.00,90.00,1575,1575,2225,1500,1,15,40.4362071,-86.8937479,159.522,0.050,0.010,-0.020,3,0.69,0.87,0.11,1
6882,27691,15810,12788,0,0,1.08218,-8.78074,-1.23301,-0.226901,-0.189617,-0.135289,-99.094,-5.808,-34.684,0.1039,-0.0325,-0.0731,-0.0802,0.2809,0.2323,0.0257175,-0.0013473,-0.0328323,0.062917,0.021515,-0.046295,0.00000,0.00000,0.000,0.000,0.000,0.000,0.000,-6.0000,0.0000,0.0000,6.0000,95.00,95.00,90.00,90.00,1575,1575,2225,1500,1,15,40.4362071,-86.8937479,159.522,0.050,0.010,-0.020,3,0.69,0.87,0.11,1
6926,22020,22022,18987,0,0,1.41378,-9.95868,-1.66756,-0.229032,-0.003196,-0.245011,-99.721,-6.553,-34.483,0.0547,0.0424,-0.0128,-0.0949,0.3006,0.2412,0.0255191,-0.0010500,-0.0314874,0.064578,0.028031,-0.048174,0.00000,0.00000,0.000,0.000,0.000,0.000,0.000,-6.0000,0.0000,0.0000,6.0000,95.00,95.00,90.00,90.00,1575,1575,2225,1500,1,15,40.4362070,-86.8937476,159.534,0.018,0.098,-0.028,3,0.69,0.87,0.18,1
6970,27194,15937,12891,0,0,1.49518,-8.81425,-1.75734,-0.132093,0.234358,-0.242880,-100.233,-7.185,-34.809,0.0679,0.0325,-0.0243,-0.0917,0.3025,0.2406,0.0255191,-0.0010500,-0.0314874,0.064578,0.028031,-0.048174,0.00000,0.00000,0.000,0.000,0.000,0.000,0.000,-6.0000,0.0000,0.0000,6.0000,95.00,95.00,90.00,90.00,1575,1575,2225,1500,1,15,40.4362070,-86.8937476,159.534,0.020,0.100,-0.030,3,0.69,0.87,0.18,1
7033,35712,26878,23849,0,0,1.65439,-9.60913,-2.18591,-0.115049,0.012783,-0.116114,-100.936,-7.468,-34.693,0.0761,0.0164,-0.0219,-0.0882,0.3036,0.2392,0.0266963,-0.0000732,-0.0316710,0.069362,0.028011,-0.046131,0.00000,0.00000,0.000,0.000,0.000,0.000,0.000,-6.0000,0.0000,0.0000,6.0000,95.00,95.00,90.00,90.00,1575,1575,2225,1500,1,15,40.4362070,-86.8937476,159.534,0.020,0.100,-0.030,3,0.69,0.87,0.18,1
7078,56407,15716,12574,0,0,1.18154,-9.18176,-2.69228,-0.296144,-0.149137,0.017044,-102.036,-7.218,-34.249,0.0503,-0.0116,-0.0322,-0.0846,0.3037,0.2377,0.0266963,-0.0000732,-0.0316710,0.069362,0.028011,-0.046131,0.00000,0.00000,0.000,0.000,0.000,0.000,0.000,-6.0000,0.0000,0.0000,6.0000,95.00,95.00,90.00,90.00,1575,1575,2225,1500,1,15,40.4362070,-86.8937476,159.534,0.020,0.100,-0.030,3,0.69,0.87,0.18,1
7132,16388,16124,13081,0,0,1.03789,-9.39365,-2.85868,-0.266316,-0.202400,-0.187487,-103.029,-7.325,-33.702,0.0341,-0.0252,-0.0244,-0.0822,0.3028,0.2362,0.0266963,-0.0000732,-0.0316710,0.069362,0.028011,-0.046131,0.00000,0.00000,0.000,0.000,0.000,0.000,0.000,-6.0000,0.0000,0.0000,6.0000,95.00,95.00,90.00,90.00,1575,1575,2225,1500,1,15,40.4362070,-86.8937476,159.534,0.020,0.100,-0.030,3,0.69,0.87,0.18,1
7182,27910,15901,12851,0,0,1.32878,-9.55885,-3.06817,-0.218379,-0.219444,-0.247141,-103.850,-7.995,-33.031,-0.0423,-0.0060,-0.0123,-0.1022,0.3148,0.2350,0.0265211,0.0001048,-0.0307771,0.071049,0.028306,-0.045722,0.00000,0.00000,0.000,0.000,0.000,0.000,0.000,-6.0000,0.0000,0.0000,6.0000,95.00,95.00,90.00,90.00,1575,1575,2225,1500,1,15,40.4362068,-86.8937476,159.515,-0.060,0.030,0.020,3,0.69,0.87,0.14,1
7225,27189,15891,12884,0,0,1.87705,-9.37330,-3.08014,-0.133158,-0.347276,-0.362190,-104.442,-8.538,-31.998,-0.0434,-0.0324,-0.0043,-0.1041,0.3140,0.2346,0.0265211,0.0001048,-0.0307771,0.071049,0.028306,-0.045722,0.00000,0.00000,0.000,0.000,0.000,0.000,0.000,-6.0000,0.0000,0.0000,6.0000,95.00,95.00,90.00,90.00,1575,1575,2225,1500,1,15,40.4362068,-86.8937476,159.515,-0.060,0.030,0.020,3,0.69,0.87,0.14,1
7278,36770,15675,12521,0,0,2.29843,-9.50139,-2.47201,0.077764,-0.434628,-0.336624,-104.577,-9.132,-30.509,-0.0227,-0.0555,0.0071,-0.1060,0.3115,0.2346,0.0265211,0.0001048,-0.0307771,0.071049,0.028306,-0.045722,0.00000,0.00000,0.000,0.000,0.000,0.000,0.000,-6.0000,0.0000,0.0000,6.0000,95.00,95.00,90.00,90.00,1575,1575,2225,1500,1,15,40.4362068,-86.8937476,159.515,-0.060,0.030,0.020,3,0.69,0.87,0.14,1
7322,28012,16047,12965,0,0,2.16196,-9.41161,-2.79882,0.075634,-0.319579,-0.281230,-104.590,-9.538,-29.525,-0.0037,-0.0718,0.0166,-0.1065,0.3088,0.2352,0.0265211,0.0001048,-0.0307771,0.071049,0.028306,-0.045722,0.00000,0.00000,0.000,0.000,0.000,0.000,0.000,-6.0000,0.0000,0.0000,6.0000,95.00,95.00,90.00,90.00,1575,1575,2225,1500,1,15,40.4362068,-86.8937476,159.515,-0.060,0.030,0.020,3,0.69,0.87,0.14,1
7382,15990,15693,12680,0,0,2.20027,-9.30866,-2.44089,0.078830,-0.390952,-0.309992,-104.688,-10.068,-27.744,0.0701,0.0069,-0.0270,-0.1026,0.3322,0.2249,0.0268187,0.0002369,-0.0303940,0.071297,0.025474,-0.057233,0.00000,0.00000,0.000,0.000,0.000,0.000,0.000,-6.0000,0.0000,0.0000,6.0000,95.00,95.00,90.00,90.00,1575,1575,2225,1500,1,15,40.4362069,-86.8937475,159.500,0.070,0.080,0.050,3,0.69,0.87,0.10,1
7425,27221,15910,12878,0,0,2.30681,-9.07642,-2.24456,-0.066046,-0.052198,-0.272708,-104.959,-10.600,-27.218,0.0940,0.0078,-0.0369,-0.0990,0.3325,0.2235,0.0268187,0.0002369,-0.0303940,0.071297,0.025474,-0.057233,0.00000,0.00000,0.000,0.000,0.000,0.000,0.000,-6.0000,0.0000,0.0000,6.0000,95.00,95.00,90.00,90.00,1575,1575,2225,1500,1,15,40.4362069,-86.8937475,159.500,0.070,0.080,0.050,3,0.69,0.87,0.10,1
7468,27051,15881,12867,0,0,2.35111,-8.99980,-2.35829,-0.135289,-0.031958,-0.394148,-105.351,-11.409,-26.997,0.1164,0.0057,-0.0484,-0.0944,0.3328,0.2217,0.0268187,0.0002369,-0.0303940,0.071297,0.025474,-0.057233,0.00000,0.00000,0.000,0.000,0.000,0.000,0.000,-6.0000,0.0000,0.0000,6.0000,95.00,95.00,90.00,90.00,1575,1575,2225,1500,1,15,40.4362069,-86.8937475,159.500,0.070,0.080,0.050,3,0.69,0.87,0.10,1
7523,54178,16062,12972,0,0,2.74376,-9.23563,-2.25534,-0.143811,-0.115049,-0.296144,-105.999,-12.106,-26.417,0.1570,0.0121,-0.0457,-0.0870,0.3333,0.2191,0.0268187,0.0002369,-0.0303940,0.071297,0.025474,-0.057233,0.00000,0.00000,0.000,0.000,0.000,0.000,0.000,-6.0000,0.0000,0.0000,6.0000,95.00,95.00,90.00,90.00,1575,1575,2225,1500,1,15,40.4362069,-86.8937475,159.500,0.070,0.080,0.050,3,0.69,0.87,0.10,1
7595,36802,35279,31956,0,0,3.00233,-8.34379,-2.28527,-0.063916,0.118244,-0.343015,-106.296,-13.413,-26.481,0.0897,0.0273,-0.0643,-0.1116,0.3417,0.2181,0.0264016,0.0003907,-0.0290610,0.074517,0.026788,-0.051731,0.00000,0.00000,0.000,0.000,0.000,0.000,0.000,-6.0000,0.0000,0.0000,6.0000,95.00,95.00,90.00,90.00,1575,1575,2225,1500,1,15,40.4362068,-86.8937474,159.497,0.018,0.037,0.057,3,0.69,0.87,0.12,1
7632,20848,15807,12790,0,0,2.72580,-8.57842,-2.61806,-0.073503,0.138484,-0.247141,-106.531,-14.262,-26.622,0.1116,0.0299,-0.0816,-0.1059,0.3434,0.2140,0.0264016,0.0003907,-0.0290610,0.074517,0.026788,-0.051731,0.00000,0.00000,0.000,0.000,0.000,0.000,0.000,-6.0000,0.0000,0.0000,6.0000,95.00,95.00,90.00,90.00,1575,1575,2225,1500,1,15,40.4362068,-86.8937474,159.497,0.020,0.040,0.060,3,0.69,0.87,0.11,1
7675,27063,15923,12557,0,0,3.24055,-8.32464,-2.60250,-0.125701,0.214118,-0.184291,-106.805,-14.769,-26.982,0.1375,0.0130,-0.1057,-0.1006,0.3444,0.2100,0.0264016,0.0003907,-0.0290610,0.074517,0.026788,-0.051731,0.00000,0.00000,0.000,0.000,0.000,0.000,0.000,-6.0000,0.0000,0.0000,6.0000,95.00,95.00,90.00,90.00,1575,1575,2225,1500,1,15,40.4362068,-86.8937474,159.497,0.020,0.040,0.060,3,0.69,0.87,0.11,1
7736,17538,21906,18880,0,0,3.15197,-8.65743,-3.19027,-0.250337,0.334493,-0.119310,-107.453,-15.888,-27.727,0.0439,0.1164,-0.0860,-0.1234,0.3748,0.2065,0.0262434,0.0006757,-0.0270631,0.077157,0.029978,-0.054674,0.00000,0.00000,0.000,0.000,0.000,0.000,0.000,-6.0000,0.0000,0.0000,6.0000,95.00,95.00,90.00,90.00,1575,1575,2225,1500,1,15,40.4362067,-86.8937468,159.499,-0.040,0.210,0.080,3,0.69,0.87,0.15,1
7779,27698,15445,12411,0,0,3.62003,-9.13029,-3.22379,-0.278034,0.381365,-0.183225,-108.028,-16.649,-28.689,0.0698,0.0934,-0.0738,-0.1205,0.3800,0.2023,0.0262434,0.0006757,-0.0270631,0.077157,0.029978,-0.054674,0.00000,0.00000,0.000,0.000,0.000,0.000,0.000,-6.0000,0.0000,0.0000,6.0000,95.00,95.00,90.00,90.00,1575,1575,2225,1500,1,15,40.4362067,-86.8937468,159.499,-0.040,0.210,0.080,3,0.69,0.87,0.15,1
7822,27455,15827,12794,0,0,3.89417,-8.90643,-3.26330,-0.187487,0.354733,-0.219444,-108.422,-17.312,-29.397,0.0921,0.0690,-0.0514,-0.1170,0.3835,0.1997,0.0262434,0.0006757,-0.0270631,0.077157,0.029978,-0.054674,0.00000,0.00000,0.000,0.000,0.000,0.000,0.000,-6.0000,0.0000,0.0000,6.0000,95.00,95.00,90.00,90.00,1575,1575,2225,1500,1,15,40.4362067,-86.8937468,159.499,-0.040,0.210,0.080,3,0.69,0.87,0.15,1
7875,15478,15611,12455,0,0,3.88699,-9.08719,-2.67552,0.022371,0.564590,-0.270577,-108.251,-18.429,-30.522,0.1286,0.0686,-0.0363,-0.1113,0.3871,0.1974,0.0262434,0.0006757,-0.0270631,0.077157,0.029978,-0.054674,0.00000,0.00000,0.000,0.000,0.000,0.000,0.000,-6.0000,0.0000,0.0000,6.0000,95.00,95.00,90.00,90.00,1575,1575,2225,1500,1,15,40.4362067,-86.8937468,159.499,-0.040,0.210,0.080,3,0.69,0.87,0.15,1
7935,37642,22253,19179,0,0,3.80439,-8.82742,-3.21182,0.423975,0.640224,-0.186421,-106.651,-19.841,-32.358,0.0174,0.0586,-0.0537,-0.1371,0.3969,0.1875,0.0258565,0.0007008,-0.0258297,0.082319,0.026520,-0.050549,0.00000,0.00000,0.000,0.000,0.000,0.000,0.000,-6.0000,0.0000,0.0000,6.0000,95.00,95.00,90.00,90.00,1575,1575,2225,1500,1,15,40.4362065,-86.8937466,159.503,-0.066,0.066,0.086,3,0.69,0.87,0.15,1
7978,27565,15489,12433,0,0,4.22217,-9.27633,-2.43969,0.307861,0.332363,-0.108657,-105.468,-20.424,-33.368,0.0337,0.0450,-0.0265,-0.1360,0.3994,0.1854,0.0258565,0.0007008,-0.0258297,0.082319,0.026520,-0.050549,0.00000,0.00000,0.000,0.000,0.000,0.000,0.000,-6.0000,0.0000,0.0000,6.0000,95.00,95.00,90.00,90.00,1575,1575,2225,1500,1,15,40.4362065,-86.8937466,159.503,-0.070,0.070,0.090,3,0.69,0.87,0.14,1
8039,30725,29489,21543,0,0,4.43885,-8.85017,-2.29245,0.393083,0.630637,-0.230097,-103.935,-21.255,-34.879,0.0657,0.0243,-0.0096,-0.1336,0.4010,0.1846,0.0258565,0.0007008,-0.0258297,0.082319,0.026520,-0.050549,0.00000,0.00000,0.000,0.000,0.000,0.000,0.000,-6.0000,0.0000,0.0000,6.0000,95.00,95.00,90.00,90.00,1575,1575,2225,1500,1,15,40.4362065,-86.8937466,159.503,-0.070,0.070,0.090,3,0.69,0.87,0.14,1
8082,27058,15832,12809,0,0,4.48075,-8.65025,-2.36427,0.416518,0.475108,-0.259925,-102.183,-22.437,-36.321,0.0813,-0.0137,-0.0071,-0.1294,0.4014,0.1840,0.0258565,0.0007008,-0.0258297,0.082319,0.026520,-0.050549,0.00000,0.00000,0.000,0.000,0.000,0.000,0.000,-6.0000,0.0000,0.0000,6.0000,95.00,95.00,90.00,90.00,1575,1575,2225,1500,1,15,40.4362065,-86.8937466,159.503,-0.070,0.070,0.090,3,0.69,0.87,0.14,1
8134,35762,16375,13286,0,0,4.52624,-8.78074,-1.71185,0.437824,0.545415,-0.301470,-100.385,-23.535,-37.822,0.1046,-0.0359,-0.0025,-0.1245,0.4000,0.1837,0.0258565,0.0007008,-0.0258297,0.082319,0.026520,-0.050549,0.00000,0.00000,0.000,0.000,0.000,0.000,0.000,-6.0000,0.0000,0.0000,6.0000,95.00,95.00,90.00,90.00,1575,1575,2225,1500,1,15,40.4362065,-86.8937466,159.503,-0.070,0.070,0.090,3,0.69,0.87,0.14,1
8169,22179,28609,25234,0,0,4.62799,-8.95192,-2.22421,0.490022,0.290817,-0.157659,-99.552,-24.031,-38.207,-0.0038,-0.0430,-0.0482,-0.1534,0.4039,0.1713,0.0255266,0.0006552,-0.0248237,0.087966,0.021854,-0.046783,0.00000,0.00000,0.000,0.000,0.000,0.000,0.000,-6.0000,0.0000,0.0000,6.0000,95.00,95.00,90.00,90.00,1575,1575,2225,1500,1,15,40.4362064,-86.8937467,159.511,-0.070,-0.040,0.090,3,0.69,0.87,0.16,1
8229,16039,15767,12750,0,0,4.56574,-8.69694,-1.67714,0.577373,0.471912,-0.005326,-96.478,-24.426,-40.527,0.0211,-0.0773,-0.0566,-0.1526,0.3996,0.1673,0.0255266,0.0006552,-0.0248237,0.087966,0.021854,-0.046783,0.00000,0.00000,0.000,0.000,0.000,0.000,0.000,-6.0000,0.0000,0.0000,6.0000,95.00,95.00,90.00,90.00,1575,1575,2225,1500,1,15,40.4362064,-86.8937467,159.511,-0.070,-0.040,0.090,3,0.69,0.87,0.16,1
8272,26764,15887,12870,0,0,4.59926,-8.63110,-0.26815,0.688161,0.373908,0.047937,-94.525,-24.298,-41.481,0.0407,-0.0857,-0.0579,-0.1514,0.3960,0.1649,0.0255266,0.0006552,-0.0248237,0.087966,0.021854,-0.046783,0.00000,0.00000,0.000,0.000,0.000,0.000,0.000,-6.0000,0.0000,0.0000,6.0000,95.00,95.00,90.00,90.00,1575,1575,2225,1500,1,15,40.4362064,-86.8937467,159.511,-0.070,-0.040,0.090,3,0.69,0.87,0.16,1
8335,25509,16287,12783,0,0,4.74531,-8.28394,0.14964,0.455933,0.275903,0.076699,-91.943,-24.198,-43.145,0.1017,-0.0976,-0.0680,-0.1469,0.3904,0.1611,0.0255266,0.0006552,-0.0248237,0.087966,0.021854,-0.046783,0.00000,0.00000,0.000,0.000,0.000,0.000,0.000,-6.0000,0.0000,0.0000,6.0000,95.00,95.00,90.00,90.00,1575,1575,2225,1500,1,15,40.4362064,-86.8937467,159.511,-0.070,-0.040,0.090,3,0.69,0.87,0.16,1
8369,17052,33335,25050,0,0,4.97874,-8.14627,0.81044,0.509196,0.368582,-0.072438,-91.259,-24.393,-43.544,0.0807,-0.0863,-0.0714,-0.1616,0.3940,0.1631,0.0253754,0.0006655,-0.0243495,0.087840,0.022598,-0.044642,0.00000,0.00000,0.000,0.000,0.000,0.000,0.000,-6.0000,0.0000,0.0000,6.0000,95.00,95.00,90.00,90.00,1575,1575,2225,1500,1,15,40.4362065,-86.8937468,159.538,0.050,-0.080,0.070,3,0.70,0.87,0.24,1
8428,16059,15784,12783,0,0,4.06416,-8.42041,-0.59855,0.222640,0.022371,0.351537,-88.767,-24.236,-45.722,0.0717,-0.1008,-0.0219,-0.1548,0.3874,0.1604,0.0253754,0.0006655,-0.0243495,0.087840,0.022598,-0.044642,0.00000,0.00000,0.000,0.000,0.000,0.000,0.000,-6.0000,0.0000,0.0000,6.0000,95.00,95.00,90.00,90.00,1575,1575,2225,1500,1,15,40.4362065,-86.8937468,159.538,0.050,-0.080,0.070,3,0.70,0.87,0.24,1
8471,27075,15892,12876,0,0,4.67827,-8.93756,1.72742,0.278034,0.383495,0.079895,-87.931,-23.810,-46.519,0.1345,-0.0829,-0.0297,-0.1503,0.3834,0.1590,0.0253754,0.0006655,-0.0243495,0.087840,0.022598,-0.044642,0.00000,0.00000,0.000,0.000,0.000,0.000,0.000,-6.0000,0.0000,0.0000,6.0000,95.00,95.00,90.00,90.00,1575,1575,2225,1500,1,15,40.4362065,-86.8937468,159.538,0.050,-0.080,0.070,3,0.70,0.87,0.24,1
