ms,ax_g,ay_g,az_g,a_norm_g,gx_dps,gy_dps,gz_dps,roll_acc_deg,pitch_acc_deg,roll_cf_deg,pitch_cf_deg,p_filt_dps,q_filt_dps,u_roll_deg,u_pitch_deg,left_cmd_deg,right_cmd_deg,left_servo_deg,right_servo_deg,left_pwm,right_pwm
14,-0.620483,0.765259,-0.137695,0.994777,24.047852,-11.108398,54.138184,100.200,38.590,95.007,40.831,3.292,-6.459,0.000,0.000,0.000,0.000,90.00,90.00,1500,1500
73,-0.541992,0.840454,-0.021118,1.000282,8.178711,-2.990723,34.851074,91.439,32.809,94.162,39.703,-6.139,-18.801,0.000,0.000,0.000,0.000,90.00,90.00,1500,1500
124,-0.515259,0.779541,-0.211914,0.958167,1.342773,11.047363,10.253906,105.208,32.531,93.847,38.381,-5.064,-8.159,0.000,0.000,0.000,0.000,90.00,90.00,1500,1500
169,-0.475098,0.746216,-0.183228,0.903398,5.371094,-30.090332,-8.117676,103.796,31.729,93.571,37.814,-4.884,-27.843,0.000,0.000,0.000,0.000,90.00,90.00,1500,1500
216,-0.560669,0.735107,-0.105591,0.930528,3.723145,-41.198730,-21.972656,98.174,37.051,92.318,38.215,-3.334,-44.092,0.000,0.000,0.000,0.000,90.00,90.00,1500,1500
264,-0.649780,0.688110,-0.104004,0.952117,6.896973,-33.264160,-34.912109,98.595,43.036,90.711,39.564,-2.863,-48.031,0.000,0.000,0.000,0.000,90.00,90.00,1500,1500
321,-0.778076,0.634766,-0.104736,1.009604,19.592285,-43.823242,-42.358398,99.369,50.415,89.118,41.847,5.146,-54.514,0.000,0.000,0.000,0.000,90.00,90.00,1500,1500
369,-0.813721,0.647583,-0.026855,1.040301,40.527344,-40.283203,-36.254883,92.375,51.462,87.158,44.299,14.396,-58.116,0.000,0.000,0.000,0.000,90.00,90.00,1500,1500
417,-0.792236,0.627441,0.009644,1.010650,45.898437,-18.554687,-31.372070,89.119,51.618,85.618,46.705,24.722,-49.398,0.000,0.000,0.000,0.000,90.00,90.00,1500,1500
464,-0.859985,0.608765,-0.160034,1.065730,61.218262,104.553223,-22.094727,104.729,53.799,86.950,48.913,39.402,25.225,0.000,0.000,0.000,0.000,90.00,90.00,1500,1500
521,-0.827148,0.566772,-0.256104,1.034889,41.870117,69.213867,10.375977,114.316,53.060,93.139,50.734,32.513,45.378,0.000,0.000,0.000,0.000,90.00,90.00,1500,1500
569,-0.684448,0.613281,-0.356323,0.985672,36.071777,33.447266,3.906250,120.157,43.979,98.136,50.821,26.748,32.730,0.000,0.000,0.000,0.000,90.00,90.00,1500,1500
622,-0.706055,0.593750,-0.281494,0.964516,24.230957,12.390137,-8.117676,115.365,47.057,101.652,51.159,24.196,24.240,0.000,0.000,0.000,0.000,90.00,90.00,1500,1500
665,-0.643311,0.657349,-0.285400,0.963021,15.930176,20.751953,-20.507812,113.469,41.914,104.321,51.206,15.805,14.458,0.000,0.000,0.000,0.000,90.00,90.00,1500,1500
722,-0.720459,0.565796,-0.400024,0.999603,10.986328,-43.090820,-15.808105,125.261,46.116,106.570,51.928,3.934,-27.245,0.000,0.000,0.000,0.000,90.00,90.00,1500,1500
764,-0.784790,0.534912,-0.233521,0.978038,15.625000,-151.916504,-9.948730,113.584,53.361,104.186,53.872,5.384,-82.867,0.000,0.000,0.000,0.000,90.00,90.00,1500,1500
817,-0.748779,0.510620,0.107300,0.912643,9.216309,4.028320,3.356934,78.133,55.130,98.833,55.778,1.386,-80.056,0.000,0.000,0.000,0.000,90.00,90.00,1500,1500
865,-0.838379,0.449463,-0.141968,0.961796,26.184082,-20.141602,9.460449,107.529,60.655,95.248,56.927,5.342,-60.304,0.000,0.000,0.000,0.000,90.00,90.00,1500,1500
924,-0.747314,0.500610,-0.194336,0.920248,30.883789,-15.014648,23.437500,111.216,54.300,92.714,57.047,13.211,-46.209,0.000,0.000,0.000,0.000,90.00,90.00,1500,1500
970,-0.820312,0.540771,-0.175659,0.998099,32.897949,-33.203125,34.973145,107.995,55.273,91.578,56.675,17.116,-48.268,0.000,0.000,0.000,0.000,90.00,90.00,1500,1500
1018,-0.797485,0.609253,-0.153320,1.015224,47.546387,-35.949707,45.959473,104.125,51.769,89.847,55.530,28.630,-52.408,0.000,0.000,0.000,0.000,90.00,90.00,1500,1500
1066,-0.800659,0.616577,-0.150269,1.021667,45.471191,-6.896973,53.100586,103.697,51.599,88.978,53.805,32.705,-40.113,0.000,0.000,0.000,0.000,90.00,90.00,1500,1500
1124,-0.762573,0.679321,-0.167847,1.034972,53.710937,-5.615234,58.288574,103.879,47.460,89.825,51.012,38.793,-30.798,0.000,0.000,0.000,0.000,90.00,90.00,1500,1500
1171,-0.670288,0.631226,-0.258057,0.956203,56.335449,-2.685547,62.011719,112.236,44.506,91.337,48.866,42.878,-26.406,0.000,0.000,0.000,0.000,90.00,90.00,1500,1500
1224,-0.563110,0.691650,-0.330811,0.951267,48.706055,3.295898,60.913086,115.561,36.296,92.604,45.768,42.161,-23.887,0.000,0.000,0.000,0.000,90.00,90.00,1500,1500
1266,-0.597046,0.694946,-0.310303,0.967317,35.583496,-14.709473,53.344727,114.061,38.113,94.300,43.501,34.036,-28.887,0.000,0.000,0.000,0.000,90.00,90.00,1500,1500
1324,-0.527710,0.762817,-0.350708,0.991647,45.104980,-24.597168,32.897949,114.691,32.151,95.848,40.436,35.908,-39.723,0.000,0.000,0.000,0.000,90.00,90.00,1500,1500
1364,-0.626343,0.747681,-0.286987,1.016707,43.212891,-23.071289,23.376465,110.999,38.028,96.421,39.279,35.253,-40.957,0.000,0.000,0.000,0.000,90.00,90.00,1500,1500
1419,-0.500488,0.757446,-0.434448,1.006459,30.578613,-22.155762,9.826660,119.837,29.820,98.226,37.897,28.163,-38.313,0.000,0.000,0.000,0.000,90.00,90.00,1500,1500
1466,-0.554932,0.694092,-0.404907,0.976556,41.992187,-30.944824,3.845215,120.258,34.629,99.356,37.642,29.743,-42.701,0.000,0.000,0.000,0.000,90.00,90.00,1500,1500
1514,-0.522339,0.654053,-0.397827,0.926763,50.842285,-22.216797,6.347656,121.310,34.306,100.382,37.849,35.747,-46.647,0.000,0.000,0.000,0.000,90.00,90.00,1500,1500
1564,-0.497681,0.655396,-0.427002,0.927125,31.494141,6.958008,14.099121,123.085,32.466,101.700,37.688,27.839,-33.168,0.000,0.000,0.000,0.000,90.00,90.00,1500,1500
1619,-0.542114,0.623169,-0.450073,0.940634,24.108887,-2.380371,19.958496,125.838,35.193,103.570,37.484,20.369,-25.206,0.000,0.000,0.000,0.000,90.00,90.00,1500,1500
1667,-0.444214,0.675293,-0.451660,0.925928,27.893066,22.399902,24.902344,123.776,28.669,104.817,36.762,18.043,-13.177,0.000,0.000,0.000,0.000,90.00,90.00,1500,1500
1714,-0.515869,0.691650,-0.471802,0.983411,3.906250,44.006348,25.634766,124.299,31.639,106.457,35.838,8.126,5.189,0.000,0.000,0.000,0.000,90.00,90.00,1500,1500
1772,-0.516357,0.736206,-0.541626,1.049754,3.295898,29.602051,22.521973,126.342,29.465,108.214,34.587,-3.701,13.993,0.000,0.000,0.000,0.000,90.00,90.00,1500,1500
1820,-0.375977,0.788818,-0.573608,1.045284,-0.183105,-2.746582,13.000488,126.024,21.081,109.032,33.289,-7.335,-3.749,0.000,0.000,0.000,0.000,90.00,90.00,1500,1500
1873,-0.407471,0.745850,-0.543091,1.008599,0.610352,-31.555176,-1.403809,126.060,23.828,108.370,33.043,-7.586,-13.882,0.000,0.000,0.000,0.000,90.00,90.00,1500,1500
1915,-0.501953,0.758789,-0.503540,1.039842,15.991211,25.878906,-15.014648,123.569,28.863,108.375,32.802,-3.128,-9.633,0.000,0.000,0.000,0.000,90.00,90.00,1500,1500
1972,-0.488159,0.578003,-0.588867,0.958724,11.352539,-5.371094,-21.545410,135.533,30.609,109.770,33.679,2.121,-14.428,0.000,0.000,0.000,0.000,90.00,90.00,1500,1500
2024,-0.432983,0.619141,-0.551880,0.935618,9.704590,-3.234863,-8.117676,131.713,27.567,110.702,34.871,0.559,-19.643,0.000,0.000,0.000,0.000,90.00,90.00,1500,1500
2068,-0.470825,0.680054,-0.543213,0.989560,-2.746582,-3.601074,-1.281738,128.617,28.411,111.438,35.404,-4.871,-20.472,0.000,0.000,0.000,0.000,90.00,90.00,1500,1500
2115,-0.499756,0.716431,-0.485718,0.999475,7.080078,5.493164,6.713867,124.136,30.001,111.406,36.010,-5.877,-17.937,0.000,0.000,0.000,0.000,90.00,90.00,1500,1500
2164,-0.491577,0.658203,-0.559082,0.993706,2.624512,2.868652,16.540527,130.345,29.649,111.891,36.059,-5.304,-12.604,0.000,0.000,0.000,0.000,90.00,90.00,1500,1500
2220,-0.317627,0.676880,-0.637939,0.982863,6.713867,23.925781,18.676758,133.304,18.854,113.218,35.221,-2.507,2.083,0.000,0.000,0.000,0.000,90.00,90.00,1500,1500
2268,-0.418213,0.607178,-0.574219,0.934502,-0.122070,13.305664,16.235352,133.402,26.585,114.126,34.438,-5.621,-2.211,0.000,0.000,0.000,0.000,90.00,90.00,1500,1500
2316,-0.441528,0.654053,-0.616699,1.001524,-6.164551,9.399414,8.789063,133.316,26.159,114.580,33.854,-9.751,-3.772,0.000,0.000,0.000,0.000,90.00,90.00,1500,1500
2364,-0.428223,0.740112,-0.682129,1.093819,-0.915527,2.868652,0.549316,132.665,23.047,114.586,33.258,-12.259,-5.875,0.000,0.000,0.000,0.000,90.00,90.00,1500,1500
2421,-0.375000,0.692871,-0.588867,0.983595,-8.117676,-1.281738,-14.770508,130.361,22.411,114.887,32.780,-13.544,-12.741,0.000,0.000,0.000,0.000,90.00,90.00,1500,1500
2474,-0.421265,0.706665,-0.600342,1.018455,-3.295898,12.207031,-23.742676,130.349,24.433,114.323,33.827,-13.288,-11.268,0.000,0.000,0.000,0.000,90.00,90.00,1500,1500
2516,-0.411743,0.737183,-0.586426,1.028040,1.342773,-25.024414,-24.658203,128.502,23.610,114.547,34.369,-10.989,-26.801,0.000,0.000,0.000,0.000,90.00,90.00,1500,1500
2564,-0.466797,0.650024,-0.557007,0.975032,-11.535645,3.479004,-20.141602,130.593,28.604,114.455,35.481,-12.528,-25.739,0.000,0.000,0.000,0.000,90.00,90.00,1500,1500
2624,-0.458008,0.687744,-0.556396,0.996163,-6.896973,33.874512,-16.906738,128.973,27.372,114.549,36.601,-13.707,-4.162,0.000,0.000,0.000,0.000,90.00,90.00,1500,1500
2669,-0.507324,0.663574,-0.534424,0.991624,-2.929688,31.860352,-12.207031,128.847,30.771,115.254,37.141,-12.814,4.866,0.000,0.000,0.000,0.000,90.00,90.00,1500,1500
2717,-0.449463,0.644409,-0.596436,0.986415,-10.559082,10.559082,-11.291504,132.786,27.107,116.048,37.423,-14.674,-0.343,0.000,0.000,0.000,0.000,90.00,90.00,1500,1500
2765,-0.396362,0.605591,-0.576538,0.925332,-2.807617,3.479004,-12.878418,133.592,25.363,116.777,37.714,-12.025,-7.944,0.000,0.000,0.000,0.000,90.00,90.00,1500,1500
2822,-0.410278,0.638672,-0.584106,0.957815,2.563477,45.349121,-13.916016,132.445,25.363,118.027,37.616,-6.512,9.477,0.000,0.000,0.000,0.000,90.00,90.00,1500,1500
2869,-0.547607,0.731201,-0.593018,1.089128,-4.516602,27.832031,-19.348145,129.043,30.185,118.953,37.749,-13.974,11.111,0.000,0.000,0.000,0.000,90.00,90.00,1500,1500
2917,-0.471558,0.638306,-0.612915,1.002729,-3.112793,-52.551270,-21.240234,133.837,28.052,119.580,38.464,-11.749,-29.028,0.000,0.000,0.000,0.000,90.00,90.00,1500,1500
2965,-0.520386,0.604614,-0.541626,0.964219,-11.474609,-18.859863,-19.897461,131.855,32.663,119.126,39.977,-14.535,-35.241,0.000,0.000,0.000,0.000,90.00,90.00,1500,1500
3024,-0.538086,0.676636,-0.597046,1.050636,1.098633,-27.526855,-17.639160,131.424,30.807,118.446,41.464,-12.909,-37.271,0.000,0.000,0.000,0.000,90.00,90.00,1500,1500
3070,-0.523682,0.608643,-0.540771,0.968051,10.253906,-37.658691,-14.892578,131.621,32.749,117.980,42.558,-7.158,-47.787,0.000,0.000,0.000,0.000,90.00,90.00,1500,1500
3123,-0.374634,0.576416,-0.504272,0.852582,2.136230,28.808594,-17.089844,131.181,26.066,116.835,44.455,-7.112,-34.951,0.000,0.000,0.000,0.000,90.00,90.00,1500,1500
3165,-0.578979,0.589966,-0.527954,0.980822,5.798340,-8.178711,-20.141602,131.825,36.178,117.214,45.201,-5.100,-25.848,0.000,0.000,0.000,0.000,90.00,90.00,1500,1500
3224,-0.580078,0.547119,-0.533936,0.959644,0.122070,-33.447266,-17.395020,134.301,37.191,116.899,47.055,-8.338,-48.651,0.000,0.000,0.000,0.000,90.00,90.00,1500,1500
3270,-0.511719,0.538940,-0.513794,0.903492,7.812500,6.103516,-9.948730,133.632,34.498,116.136,48.126,-5.980,-36.021,0.000,0.000,0.000,0.000,90.00,90.00,1500,1500
3318,-0.631348,0.590698,-0.530029,1.014128,4.882812,-2.563477,-2.441406,131.901,38.503,115.945,49.063,-4.490,-26.340,0.000,0.000,0.000,0.000,90.00,90.00,1500,1500
3366,-0.647095,0.579468,-0.553955,1.030233,-0.671387,5.371094,6.103516,133.711,38.910,115.840,49.595,-7.916,-19.550,0.000,0.000,0.000,0.000,90.00,90.00,1500,1500
3424,-0.614014,0.613647,-0.574097,1.040751,-9.643555,37.658691,14.343262,133.093,36.155,116.005,49.083,-12.342,1.711,0.000,0.000,0.000,0.000,90.00,90.00,1500,1500
3471,-0.604492,0.613403,-0.564819,1.029901,-20.935059,23.010254,18.615723,132.639,35.940,116.457,48.076,-21.486,4.316,0.000,0.000,0.000,0.000,90.00,90.00,1500,1500
3518,-0.516602,0.634155,-0.546997,0.983990,-23.925781,-11.230469,21.606445,130.780,31.669,115.913,46.923,-27.092,-12.316,0.000,0.000,0.000,0.000,90.00,90.00,1500,1500
3566,-0.532104,0.635132,-0.523071,0.979863,-29.663086,-8.850098,23.376465,129.474,32.891,114.444,45.952,-32.387,-19.354,0.000,0.000,0.000,0.000,90.00,90.00,1500,1500
3624,-0.449829,0.623657,-0.502075,0.918354,-29.541016,8.178711,14.038086,128.836,29.329,112.350,44.622,-37.028,-14.376,0.000,0.000,0.000,0.000,90.00,90.00,1500,1500
3671,-0.426636,0.630981,-0.520020,0.922267,-20.446777,27.160645,5.493164,129.493,27.555,111.506,43.472,-34.483,-3.276,0.000,0.000,0.000,0.000,90.00,90.00,1500,1500
3724,-0.486450,0.669434,-0.489380,0.961388,-13.549805,45.532227,-9.887695,126.168,30.397,110.176,43.239,-31.877,3.446,0.000,0.000,0.000,0.000,90.00,90.00,1500,1500
3766,-0.413696,0.698608,-0.532349,0.970872,-6.469727,12.145996,-24.719238,127.308,25.221,110.430,42.551,-23.851,1.850,0.000,0.000,0.000,0.000,90.00,90.00,1500,1500
3814,-0.482178,0.696045,-0.478638,0.972660,-7.019043,-3.479004,-39.428711,124.515,29.718,110.277,43.057,-18.985,-13.225,0.000,0.000,0.000,0.000,90.00,90.00,1500,1500
3864,-0.444214,0.646851,-0.503418,0.932294,-6.652832,4.028320,-54.809570,127.892,28.455,110.515,44.267,-16.529,-16.892,0.000,0.000,0.000,0.000,90.00,90.00,1500,1500
3919,-0.496216,0.551758,-0.517212,0.904530,-0.122070,37.719727,-57.189941,133.149,33.270,111.883,45.724,-21.259,4.060,0.000,0.000,0.000,0.000,90.00,90.00,1500,1500
3967,-0.639893,0.551392,-0.506226,0.984764,-3.662109,40.222168,-59.265137,132.555,40.526,113.497,48.047,-18.363,10.681,0.000,0.000,0.000,0.000,90.00,90.00,1500,1500
4015,-0.670776,0.707764,-0.532593,1.111092,-9.826660,5.004883,-54.016113,126.961,37.136,115.106,49.990,-18.497,-0.497,0.000,0.000,0.000,0.000,90.00,90.00,1500,1500
4072,-0.625610,0.521362,-0.485596,0.948161,-13.671875,-26.428223,-44.616699,132.966,41.286,115.814,52.522,-22.509,-32.222,0.000,0.000,0.000,0.000,90.00,90.00,1500,1500
4120,-0.704102,0.523193,-0.440308,0.981510,-23.986816,-44.372559,-32.531738,130.083,45.837,114.660,55.028,-30.913,-49.362,0.000,0.000,0.000,0.000,90.00,90.00,1500,1500
4164,-0.710083,0.536499,-0.399292,0.975440,-21.301270,-78.125000,-22.583008,126.659,46.716,110.988,57.901,-31.901,-67.647,0.000,0.000,0.000,0.000,90.00,90.00,1500,1500
4221,-0.683838,0.493164,-0.283569,0.889526,-22.338867,-42.297363,-9.399414,119.899,50.243,105.051,61.048,-31.796,-66.085,0.000,0.000,0.000,0.000,90.00,90.00,1500,1500
4264,-0.774048,0.547363,-0.308472,0.996951,-28.015137,-11.535645,-3.784180,119.404,50.934,101.021,62.162,-34.057,-48.119,0.000,0.000,0.000,0.000,90.00,90.00,1500,1500
4317,-0.824829,0.528564,-0.286377,1.020654,-30.700684,-23.681641,0.305176,118.449,53.914,95.437,63.566,-35.318,-46.758,0.000,0.000,0.000,0.000,90.00,90.00,1500,1500
4364,-0.844482,0.519653,-0.254028,1.023582,-16.967773,-31.188965,6.225586,116.051,55.591,91.076,63.978,-31.629,-47.205,0.000,0.000,0.000,0.000,90.00,90.00,1500,1500
4415,-0.763794,0.556030,-0.281738,0.985864,-22.155762,-33.203125,12.207031,116.871,50.782,86.550,63.319,-33.055,-49.557,0.000,0.000,0.000,0.000,90.00,90.00,1500,1500
4464,-0.800293,0.645630,-0.204712,1.048434,-21.667480,-54.626465,8.850098,107.592,49.758,81.536,62.358,-31.047,-57.031,0.000,0.000,0.000,0.000,90.00,90.00,1500,1500
4520,-0.765015,0.575195,-0.072388,0.959863,-10.253906,-55.847168,-6.896973,97.173,52.845,75.933,61.311,-26.323,-68.520,0.000,0.000,0.000,0.000,90.00,90.00,1500,1500
4568,-0.712280,0.529053,-0.113037,0.894437,-16.235352,-19.042969,-23.437500,102.060,52.782,70.823,60.607,-24.447,-53.138,0.000,0.000,0.000,0.000,90.00,90.00,1500,1500
4616,-0.720093,0.506592,-0.127808,0.889665,-26.611328,-33.020020,-35.522461,104.160,54.037,66.962,60.479,-29.187,-48.435,0.000,0.000,0.000,0.000,90.00,90.00,1500,1500
4664,-0.778320,0.497925,-0.003784,0.923973,-21.118164,-64.636230,-41.198730,90.435,57.390,61.219,60.559,-30.310,-65.363,0.000,0.000,0.000,0.000,90.00,90.00,1500,1500
4721,-0.865601,0.465210,0.185547,1.000056,-24.047852,-124.816895,-39.367676,68.256,59.946,53.360,60.184,-27.826,-105.912,0.000,0.000,0.000,0.000,90.00,90.00,1500,1500
4764,-0.937256,0.469116,0.358398,1.107686,-18.249512,-66.894531,-30.700684,52.621,57.794,43.033,58.701,-28.650,-100.670,0.000,0.000,0.000,0.000,90.00,90.00,1500,1500
4816,-0.907837,0.440796,0.312378,1.056432,-33.447266,-32.287598,-7.019043,54.676,59.243,36.338,56.695,-36.730,-72.623,0.000,0.000,0.000,0.000,90.00,90.00,1500,1500
4864,-0.965942,0.371460,0.272461,1.070169,-11.169434,-85.998535,5.554199,53.740,64.503,31.707,54.763,-29.227,-82.682,0.000,0.000,0.000,0.000,90.00,90.00,1500,1500
4921,-0.789795,0.416626,0.440552,0.995710,-4.882812,-116.943359,10.437012,43.401,52.485,27.732,50.618,-22.361,-118.113,0.000,0.000,0.000,0.000,90.00,90.00,1500,1500
4974,-0.907104,0.419067,0.600342,1.165704,-1.281738,-50.476074,7.202148,34.917,51.092,22.959,45.273,-19.723,-107.248,0.000,0.000,0.000,0.000,90.00,90.00,1500,1500
5017,-0.686890,0.555054,0.407959,0.972796,-1.403809,-41.748047,3.479004,53.684,44.918,22.418,42.254,-15.319,-77.116,0.000,0.000,0.000,0.000,90.00,90.00,1500,1500
5065,-0.755615,0.369019,0.573242,1.017711,-3.662109,-39.733887,1.220703,32.771,47.942,20.910,39.181,-18.317,-68.956,0.000,0.000,0.000,0.000,90.00,90.00,1500,1500
5124,-0.632935,0.340698,0.651733,0.970277,-1.525879,-49.621582,-7.873535,27.599,40.717,19.451,35.683,-14.306,-70.917,0.000,0.000,0.000,0.000,90.00,90.00,1500,1500
5169,-0.643066,0.399292,0.663208,1.006386,-8.056641,-35.644531,-10.498047,31.051,39.716,18.566,33.773,-17.831,-61.440,0.000,0.000,0.000,0.000,90.00,90.00,1500,1500
5217,-0.657104,0.449707,0.583984,0.987451,-6.164551,-40.283203,-9.338379,37.599,41.717,17.857,31.846,-17.046,-57.675,0.000,0.000,0.000,0.000,90.00,90.00,1500,1500
5265,-0.618164,0.419922,0.672119,1.005090,2.441406,-39.245605,-5.676270,31.996,37.954,16.996,29.749,-11.964,-58.493,0.000,0.000,0.000,0.000,90.00,90.00,1500,1500
5324,-0.580078,0.428345,0.697266,1.003070,7.324219,-31.127930,-4.211426,31.563,35.331,16.625,27.351,-6.454,-55.909,0.000,0.000,0.000,0.000,90.00,90.00,1500,1500
5370,-0.569580,0.370972,0.784302,1.037868,3.540039,-28.137207,-6.286621,25.314,33.285,16.379,25.921,-5.533,-50.450,0.000,0.000,0.000,0.000,90.00,90.00,1500,1500
5424,-0.542480,0.367310,0.662720,0.931879,-1.403809,-35.583496,-10.375977,28.997,35.601,15.965,23.918,-7.349,-51.596,0.000,0.000,0.000,0.000,90.00,90.00,1500,1500
5465,-0.540649,0.430176,0.746460,1.017131,1.770020,-20.507812,-14.099121,29.954,32.110,16.051,22.759,-7.345,-45.921,0.000,0.000,0.000,0.000,90.00,90.00,1500,1500
5524,-0.464966,0.217773,0.824707,0.971473,-9.033203,-26.184082,-10.070801,14.792,28.595,14.987,21.176,-12.537,-42.641,0.000,0.000,0.000,0.000,90.00,90.00,1500,1500
5577,-0.569214,0.441406,0.654419,0.973195,2.990723,-48.645020,-3.967285,34.000,35.795,14.198,19.298,-11.120,-47.977,0.000,0.000,0.000,0.000,90.00,90.00,1500,1500
5624,-0.488892,0.423096,0.813721,1.039310,0.854492,-33.935547,-1.220703,27.472,28.060,14.236,17.877,-8.725,-50.549,0.000,0.000,0.000,0.000,90.00,90.00,1500,1500
5666,-0.454712,0.378174,0.814331,1.006436,-3.234863,-31.860352,3.112793,24.910,26.859,14.193,16.604,-10.554,-51.064,0.000,0.000,0.000,0.000,90.00,90.00,1500,1500
5724,-0.426270,0.416748,0.803467,1.000472,-4.577637,-25.451660,8.483887,27.415,25.218,14.213,14.508,-11.766,-50.095,0.000,0.000,0.000,0.000,90.00,90.00,1500,1500
5771,-0.359375,0.366577,0.879883,1.018687,3.356934,-19.287109,6.958008,22.618,20.658,14.087,13.248,-9.328,-43.013,0.000,0.000,0.000,0.000,90.00,90.00,1500,1500
5818,-0.317505,0.396851,0.878906,1.015271,4.516602,-40.283203,2.441406,24.300,18.224,14.090,11.489,-7.876,-50.012,0.000,0.000,0.000,0.000,90.00,90.00,1500,1500
5866,-0.295288,0.391235,0.865234,0.994430,3.173828,-30.273437,-2.624512,24.331,17.274,14.225,9.579,-7.046,-50.490,0.000,0.000,0.000,0.000,90.00,90.00,1500,1500
5924,-0.292603,0.386841,0.864502,0.991275,3.601074,-13.305664,-2.868652,24.107,17.168,14.463,7.810,-5.469,-39.968,0.000,0.000,0.000,0.000,90.00,90.00,1500,1500
5971,-0.355835,0.400146,0.970459,1.108389,-7.141113,-36.376953,-0.244141,22.408,18.726,14.558,7.031,-9.551,-42.329,0.000,0.000,0.000,0.000,90.00,90.00,1500,1500
6019,-0.268066,0.401001,0.871582,0.996151,-0.061035,-75.927734,0.488281,24.706,15.611,14.452,5.071,-9.930,-68.573,0.000,0.000,0.000,0.000,90.00,90.00,1500,1500
6064,-0.235352,0.449219,0.902588,1.035303,-8.422852,-58.715820,5.004883,26.460,13.140,14.300,2.159,-12.217,-72.477,0.000,0.000,0.000,0.000,90.00,90.00,1500,1500
6114,-0.169189,0.410400,0.870239,0.976919,-17.456055,-64.147949,9.826660,25.248,9.973,14.406,-0.342,-16.401,-77.834,0.000,0.000,0.000,0.000,90.00,90.00,1500,1500
6172,-0.035889,0.345947,0.926758,0.989873,-22.277832,-54.809570,11.291504,20.470,2.078,13.700,-4.196,-26.511,-74.762,0.000,0.000,0.000,0.000,90.00,90.00,1500,1500
6225,0.040283,0.297241,0.880493,0.930185,-30.700684,-45.898437,9.216309,18.654,-2.482,12.167,-8.243,-29.431,-72.427,0.000,0.000,0.000,0.000,90.00,90.00,1500,1500
6267,-0.046265,0.327759,0.925781,0.983177,-31.677246,-22.888184,0.976562,19.496,2.697,11.470,-10.314,-35.304,-59.169,0.000,0.000,0.000,0.000,90.00,90.00,1500,1500
6314,0.129883,0.254639,0.977783,1.018710,-30.212402,-35.278320,-2.258301,14.597,-7.325,10.048,-12.669,-36.390,-58.194,0.000,0.000,0.000,0.000,90.00,90.00,1500,1500
6364,0.054932,0.258179,0.901001,0.938870,-28.198242,-12.817383,-8.728027,15.989,-3.354,8.894,-14.565,-36.626,-47.934,0.000,0.000,0.000,0.000,90.00,90.00,1500,1500
6419,0.075439,0.244385,1.032227,1.063441,-12.512207,-19.592285,-7.934570,13.320,-4.068,7.762,-15.610,-29.149,-36.605,0.000,0.000,0.000,0.000,90.00,90.00,1500,1500
6467,0.059082,0.264160,0.982056,1.018678,-15.075684,-40.527344,-6.774902,15.055,-3.325,7.092,-16.767,-26.191,-45.673,0.000,0.000,0.000,0.000,90.00,90.00,1500,1500
6515,0.117798,0.161133,0.999878,1.019606,-12.878418,-12.878418,-5.554199,9.155,-6.634,6.342,-18.176,-24.404,-39.875,0.000,0.000,0.000,0.000,90.00,90.00,1500,1500
6572,0.129761,0.222900,1.027710,1.059580,-5.859375,-7.019043,-6.835937,12.237,-7.034,5.938,-19.035,-20.881,-29.262,0.000,0.000,0.000,0.000,90.00,90.00,1500,1500
6620,0.110229,0.176270,0.960449,0.982692,-6.286621,-1.220703,-8.911133,10.400,-6.440,5.595,-19.593,-19.166,-25.010,0.000,0.000,0.000,0.000,90.00,90.00,1500,1500
6664,0.196411,0.065674,1.001343,1.022535,-1.953125,0.244141,-11.840820,3.752,-11.074,5.037,-20.320,-16.769,-22.341,0.000,0.000,0.000,0.000,90.00,90.00,1500,1500
6715,0.140869,0.165649,1.021484,1.044373,-3.051758,-16.967773,-13.366699,9.211,-7.752,5.021,-20.539,-14.068,-31.166,0.000,0.000,0.000,0.000,90.00,90.00,1500,1500
6764,0.206299,0.181274,1.008667,1.045385,-9.033203,-11.474609,-14.648438,10.188,-11.382,4.934,-21.515,-16.944,-32.068,0.000,0.000,0.000,0.000,90.00,90.00,1500,1500
6817,0.139771,0.183472,1.018677,1.044462,-1.525879,-17.333984,-7.934570,10.210,-7.690,4.704,-22.846,-15.551,-32.842,0.000,0.000,0.000,0.000,90.00,90.00,1500,1500
6864,0.165894,0.142578,1.001221,1.024838,5.065918,-1.770020,-5.371094,8.105,-9.316,4.762,-23.235,-10.622,-25.686,0.000,0.000,0.000,0.000,90.00,90.00,1500,1500
6916,0.056641,0.200806,0.987427,1.009229,7.995605,9.582520,1.892090,11.495,-3.217,5.142,-22.950,-6.701,-19.101,0.000,0.000,0.000,0.000,90.00,90.00,1500,1500
6964,0.091797,0.201172,1.004639,1.028686,7.507324,21.057129,6.713867,11.323,-5.120,5.300,-22.379,-5.187,-3.033,0.000,0.000,0.000,0.000,90.00,90.00,1500,1500
7021,0.151855,0.174561,1.013306,1.039384,5.126953,1.281738,7.995605,9.774,-8.401,5.619,-21.600,-2.982,-12.038,0.000,0.000,0.000,0.000,90.00,90.00,1500,1500
7069,0.154175,0.202515,0.959717,0.992894,8.911133,23.498535,6.164551,11.915,-8.933,6.016,-21.145,-1.819,-5.740,0.000,0.000,0.000,0.000,90.00,90.00,1500,1500
7116,0.291504,0.155640,1.017822,1.070122,6.042480,20.935059,9.826660,8.694,-15.807,6.165,-20.718,-3.069,-2.997,0.000,0.000,0.000,0.000,90.00,90.00,1500,1500
7164,0.076538,0.231201,0.926147,0.957633,5.187988,32.592773,14.953613,14.017,-4.584,6.310,-19.875,-5.324,3.457,0.000,0.000,0.000,0.000,90.00,90.00,1500,1500
7221,0.075562,0.168335,0.997559,1.014480,0.244141,18.371582,10.620117,9.578,-4.272,6.289,-18.603,-7.410,3.766,0.000,0.000,0.000,0.000,90.00,90.00,1500,1500
7269,0.022949,0.178467,0.949829,0.966722,-3.295898,9.948730,2.807617,10.641,-1.360,6.076,-17.589,-11.499,-2.002,0.000,0.000,0.000,0.000,90.00,90.00,1500,1500
7324,0.109131,0.156982,1.030396,1.047983,-9.399414,10.498047,6.225586,8.662,-5.977,5.499,-17.126,-17.044,-6.740,0.000,0.000,0.000,0.000,90.00,90.00,1500,1500
7364,0.062500,0.110352,1.012329,1.020242,-9.033203,-5.126953,5.493164,6.221,-3.512,5.059,-16.818,-17.612,-10.543,0.000,0.000,0.000,0.000,90.00,90.00,1500,1500
7422,-0.037842,0.289185,1.007202,1.048578,4.394531,-5.126953,9.216309,16.020,2.068,4.750,-16.810,-14.247,-22.928,0.000,0.000,0.000,0.000,90.00,90.00,1500,1500
7474,0.136353,0.144531,1.078369,1.096522,9.582520,3.967285,16.723633,7.634,-7.143,4.198,-17.825,-11.003,-21.026,0.000,0.000,0.000,0.000,90.00,90.00,1500,1500
7517,0.112427,0.147583,1.001221,1.018265,9.948730,10.559082,15.136719,8.385,-6.339,4.095,-17.902,-5.976,-16.782,0.000,0.000,0.000,0.000,90.00,90.00,1500,1500
7565,0.003418,0.157471,1.124023,1.135005,12.390137,18.798828,13.366699,7.975,-0.173,4.094,-17.411,-4.378,0.556,0.000,0.000,0.000,0.000,90.00,90.00,1500,1500
7624,0.034058,0.160889,0.992554,1.006086,6.835937,24.780273,13.671875,9.207,-1.940,4.238,-15.803,-1.351,5.001,0.000,0.000,0.000,0.000,90.00,90.00,1500,1500
7670,0.037964,0.167969,1.022217,1.036620,-0.427246,-8.605957,2.441406,9.331,-2.099,4.275,-15.133,-5.955,-9.396,0.000,0.000,0.000,0.000,90.00,90.00,1500,1500
7717,0.056274,0.192627,0.950928,0.971872,-3.967285,-19.409180,-7.568359,11.451,-3.319,4.495,-15.223,-8.864,-23.836,0.000,0.000,0.000,0.000,90.00,90.00,1500,1500
7765,0.118408,0.180420,0.927734,0.952504,-12.878418,-18.371582,-14.831543,11.005,-7.141,4.499,-16.082,-15.120,-31.877,0.000,0.000,0.000,0.000,90.00,90.00,1500,1500
7824,0.139893,0.171631,0.927734,0.953791,-16.113281,-7.019043,-17.700195,10.481,-8.434,4.070,-17.221,-21.695,-29.516,0.000,0.000,0.000,0.000,90.00,90.00,1500,1500
7870,0.109009,0.160645,0.921875,0.942095,-18.859863,15.686035,-18.859863,9.885,-6.645,3.866,-17.507,-24.384,-18.029,0.000,0.000,0.000,0.000,90.00,90.00,1500,1500
7918,0.101563,-0.006470,1.055908,1.060801,-9.826660,70.434570,-18.798828,-0.351,-5.494,2.993,-16.791,-22.273,16.046,0.000,0.000,0.000,0.000,90.00,90.00,1500,1500
7966,-0.477173,0.191284,1.069214,1.186382,13.671875,58.410645,-29.357910,10.143,23.716,2.390,-15.084,-18.073,29.200,0.000,0.000,0.000,0.000,90.00,90.00,1500,1500
8024,-0.199219,0.102417,0.915771,0.942770,20.629883,-23.010254,-31.860352,6.381,12.199,2.914,-11.597,-3.067,-8.729,0.000,0.000,0.000,0.000,90.00,90.00,1500,1500
8071,-0.115723,-0.001465,1.148926,1.154740,-10.131836,22.949219,-8.422852,-0.073,5.752,2.767,-11.490,-12.488,-3.856,0.000,0.000,0.000,0.000,90.00,90.00,1500,1500
8124,-0.076782,0.221558,1.206421,1.228997,-12.207031,-9.582520,7.873535,10.406,3.582,2.178,-11.968,-14.425,-9.131,0.000,0.000,0.000,0.000,90.00,90.00,1500,1500
8166,-0.103760,-0.168701,0.946289,0.966793,-13.000488,91.491699,26.489258,-10.108,6.161,1.211,-10.216,-17.865,32.053,0.000,0.000,0.000,0.000,90.00,90.00,1500,1500
8224,-0.421143,0.045410,0.887329,0.983248,33.081055,153.747559,15.258789,2.930,25.361,0.066,-4.360,-2.970,91.502,0.000,0.000,0.000,0.000,90.00,90.00,1500,1500
8264,-0.397827,0.154175,0.956787,1.047606,-0.793457,124.450684,18.737793,9.154,22.318,0.221,0.150,-5.372,97.101,0.000,0.000,0.000,0.000,90.00,90.00,1500,1500
8319,-0.381958,0.042114,0.860352,0.942269,25.512695,-40.527344,24.841309,2.802,23.914,0.538,5.245,7.518,11.914,0.000,0.000,0.000,0.000,90.00,90.00,1500,1500
8366,-0.323975,0.233032,0.951050,1.031387,36.071777,-20.690918,20.263672,13.768,18.307,2.056,5.786,19.085,-19.663,0.000,0.000,0.000,0.000,90.00,90.00,1500,1500
8414,-0.303467,0.270264,0.967773,1.049628,27.465820,4.211426,16.296387,15.603,16.805,3.828,5.440,19.135,-18.628,0.000,0.000,0.000,0.000,90.00,90.00,1500,1500
8472,-0.338013,0.364380,0.776123,0.921625,13.122559,0.732422,11.657715,25.149,21.516,5.194,4.686,15.813,-18.384,0.000,0.000,0.000,0.000,90.00,90.00,1500,1500
8519,-0.315918,0.307739,0.841919,0.950439,20.019531,-8.911133,2.990723,20.078,19.414,6.662,4.792,13.112,-21.783,0.000,0.000,0.000,0.000,90.00,90.00,1500,1500
8564,-0.306152,0.362915,0.852051,0.975411,9.460449,2.258301,1.342773,23.071,18.293,7.820,4.312,9.025,-20.290,0.000,0.000,0.000,0.000,90.00,90.00,1500,1500
8614,-0.276245,0.331299,0.946411,1.040079,-9.765625,-21.911621,-3.051758,19.293,15.403,9.013,4.165,-7.366,-28.871,0.000,0.000,0.000,0.000,90.00,90.00,1500,1500
8672,-0.308594,0.315796,0.991699,1.085553,-10.009766,-21.667480,-8.789063,17.664,16.515,9.227,3.547,-11.706,-35.352,0.000,0.000,0.000,0.000,90.00,90.00,1500,1500
8719,-0.339722,0.233887,1.029907,1.109424,-16.296387,-17.089844,-10.009766,12.795,17.831,8.666,2.904,-20.267,-34.210,0.000,0.000,0.000,0.000,90.00,90.00,1500,1500
8772,-0.289307,0.157837,1.123291,1.170638,-25.939941,-9.704590,-13.671875,7.998,14.308,7.240,1.417,-23.514,-32.834,0.000,0.000,0.000,0.000,90.00,90.00,1500,1500
8815,-0.269775,0.132568,1.275879,1.310809,-32.531738,17.822266,-14.099121,5.932,11.877,6.000,0.486,-33.487,-17.902,0.000,0.000,0.000,0.000,90.00,90.00,1500,1500
8872,-0.263062,0.115112,1.079468,1.117006,-28.198242,29.724121,-4.394531,6.087,13.621,4.244,0.696,-35.067,0.150,0.000,0.000,0.000,0.000,90.00,90.00,1500,1500
8924,-0.242432,-0.104858,1.117432,1.148226,-23.620605,25.756836,6.896973,-5.361,12.189,1.924,1.623,-36.482,4.955,0.000,0.000,0.000,0.000,90.00,90.00,1500,1500
8968,-0.249756,-0.133179,1.096436,1.132380,-27.587891,51.879883,12.573242,-6.926,12.742,0.339,2.218,-35.767,15.914,0.000,0.000,0.000,0.000,90.00,90.00,1500,1500
9015,-0.341309,-0.026245,0.937378,0.997927,-26.306152,66.589355,21.545410,-1.604,20.000,-1.402,4.451,-33.080,32.209,0.000,0.000,0.000,0.000,90.00,90.00,1500,1500
9074,-0.259033,-0.041016,0.848999,0.888583,-27.587891,24.108887,34.912109,-2.766,16.949,-3.481,7.230,-34.756,19.975,0.000,0.000,0.000,0.000,90.00,90.00,1500,1500
9120,-0.263794,0.115601,0.859863,0.906816,-34.240723,-18.371582,45.166016,7.657,16.912,-4.173,8.081,-38.764,-7.756,0.000,0.000,0.000,0.000,90.00,90.00,1500,1500
9168,-0.296509,0.237183,0.947266,1.020532,-28.320312,16.967773,47.180176,14.057,16.890,-4.702,8.209,-38.519,-9.402,0.000,0.000,0.000,0.000,90.00,90.00,1500,1500
9216,-0.300781,0.201904,0.896729,0.967138,-36.865234,29.602051,49.743652,12.689,18.120,-5.275,8.721,-42.526,1.271,0.000,0.000,0.000,0.000,90.00,90.00,1500,1500
9264,-0.279541,0.222290,0.886108,0.955376,-23.132324,5.737305,44.433594,14.083,17.014,-6.007,9.438,-41.197,-0.673,0.000,0.000,0.000,0.000,90.00,90.00,1500,1500
9321,-0.339966,0.004761,0.657104,0.739855,-41.503906,2.075195,36.804199,0.415,27.355,-7.488,9.675,-44.270,-7.763,0.000,0.000,0.000,0.000,90.00,90.00,1500,1500
9374,-0.305786,0.137939,1.009277,1.063566,-41.015625,-18.127441,32.287598,7.782,16.709,-9.493,9.241,-45.553,-14.058,0.000,0.000,0.000,0.000,90.00,90.00,1500,1500
9416,-0.436768,0.228516,0.858521,0.989971,-18.310547,18.737793,24.353027,14.905,26.180,-9.834,9.776,-38.345,-8.082,0.000,0.000,0.000,0.000,90.00,90.00,1500,1500
9464,-0.587524,0.343628,0.896362,1.125491,-51.635742,-0.305176,17.700195,20.975,31.468,-9.868,10.905,-49.692,-9.623,0.000,0.000,0.000,0.000,90.00,90.00,1500,1500
9524,-0.546875,0.410400,1.162598,1.348753,-11.108398,24.719238,10.559082,19.443,23.920,-12.431,10.278,-36.736,-8.899,0.000,0.000,0.000,0.000,90.00,90.00,1500,1500
9569,-0.576660,0.537598,0.895264,1.192915,-16.296387,48.645020,2.563477,30.984,28.908,-13.796,10.456,-32.431,12.629,0.000,0.000,0.000,0.000,90.00,90.00,1500,1500
9617,-0.546021,0.345703,0.809448,1.035787,-10.742188,-8.605957,-0.305176,23.127,31.813,-12.790,12.015,-24.479,-2.486,0.000,0.000,0.000,0.000,90.00,90.00,1500,1500
9665,-0.441772,0.365234,1.043091,1.190209,9.277344,-28.381348,-5.859375,19.298,21.788,-12.410,11.604,-13.863,-27.463,0.000,0.000,0.000,0.000,90.00,90.00,1500,1500
9724,-0.273560,0.154663,0.856323,0.912165,-1.098633,-25.390625,-18.920898,10.238,17.452,-10.910,10.235,-10.751,-34.871,0.000,0.000,0.000,0.000,90.00,90.00,1500,1500
9769,-0.143555,-0.135132,0.915283,0.936276,14.099121,-74.035645,-29.968262,-8.398,8.820,-11.034,8.215,-4.604,-65.560,0.000,0.000,0.000,0.000,90.00,90.00,1500,1500
9817,-0.098877,0.096191,0.807373,0.819073,33.813477,8.361816,-42.053223,6.794,6.934,-11.115,4.887,8.600,-45.793,0.000,0.000,0.000,0.000,90.00,90.00,1500,1500
9865,-0.409058,-0.127319,0.735474,0.851152,9.216309,57.922363,-55.358887,-9.821,28.724,-10.601,4.472,5.489,-4.501,0.000,0.000,0.000,0.000,90.00,90.00,1500,1500
9924,0.048096,0.070190,1.122681,1.125900,12.573242,-67.321777,-64.453125,3.577,-2.448,-10.136,2.313,4.569,-49.310,0.000,0.000,0.000,0.000,90.00,90.00,1500,1500
9970,-0.456421,-0.318359,0.957153,1.107165,5.859375,-11.535645,-52.917480,-18.398,24.346,-10.311,0.701,3.287,-45.613,0.000,0.000,0.000,0.000,90.00,90.00,1500,1500
10023,0.109619,-0.151245,1.096802,1.112594,-10.864258,-11.108398,-72.021484,-7.851,-5.654,-10.401,-2.363,-1.825,-42.037,0.000,0.000,0.000,0.000,90.00,90.00,1500,1500
10066,-0.224609,-0.149414,1.644897,1.666872,18.859863,46.447754,-45.654297,-5.190,7.744,-10.284,-4.161,2.526,-18.023,0.000,0.000,0.000,0.000,90.00,90.00,1500,1500
10124,0.098877,-0.458130,0.710815,0.851421,-11.718750,109.741211,-61.401367,-32.802,-6.669,-9.459,-3.463,-6.046,50.636,0.000,0.000,0.000,0.000,90.00,90.00,1500,1500
10170,0.146362,-0.068604,0.756348,0.773428,28.015137,46.325684,-68.298340,-5.183,-10.908,-9.785,-2.434,1.786,40.775,0.000,0.000,0.000,0.000,90.00,90.00,1500,1500
10218,-0.122070,-0.468140,0.413818,0.636633,5.310059,97.045898,-59.387207,-48.524,11.055,-9.612,-0.654,-0.502,56.708,0.000,0.000,0.000,0.000,90.00,90.00,1500,1500
10266,-0.056396,-0.557007,0.522827,0.766019,24.291992,8.544922,-62.805176,-46.813,4.222,-9.187,1.132,11.159,33.409,0.000,0.000,0.000,0.000,90.00,90.00,1500,1500
10324,0.118286,-0.028076,0.335205,0.356570,42.175293,-28.503418,-82.519531,-4.788,-19.374,-8.630,1.673,36.817,-9.297,0.000,0.000,0.000,0.000,90.00,90.00,1500,1500
10371,-1.003906,-0.817017,0.717163,1.479752,44.067383,39.001465,-94.238281,-48.724,42.721,-7.169,1.051,37.837,4.220,0.000,0.000,0.000,0.000,90.00,90.00,1500,1500
10418,-1.256348,-1.013062,0.780640,1.792791,-7.507324,26.000977,-68.603516,-52.383,44.489,-6.049,0.915,11.852,10.463,0.000,0.000,0.000,0.000,90.00,90.00,1500,1500
10466,-1.314941,-0.174927,-0.149170,1.334886,-4.699707,10.437012,0.000000,-130.456,80.083,-5.499,1.473,6.770,14.415,0.000,0.000,0.000,0.000,90.00,90.00,1500,1500
10514,-0.467041,-0.823853,1.483765,1.760232,-12.634277,-54.321289,24.169922,-29.041,15.387,-5.744,0.404,-10.646,-36.051,0.000,0.000,0.000,0.000,90.00,90.00,1500,1500
10571,-0.686035,-0.183105,0.507080,0.872526,0.000000,-33.447266,102.416992,-19.855,51.838,-6.880,1.038,-5.651,-25.081,0.000,0.000,0.000,0.000,90.00,90.00,1500,1500
10624,-0.411377,0.323242,0.789673,0.947259,-16.601562,-124.328613,124.023437,22.261,25.740,-6.811,-0.986,-10.059,-50.930,0.000,0.000,0.000,0.000,90.00,90.00,1500,1500
10666,-0.302002,-0.333984,0.910400,1.015667,-52.368164,-152.404785,89.538574,-20.146,17.298,-8.085,-2.904,-36.390,-126.998,0.000,0.000,0.000,0.000,90.00,90.00,1500,1500
10714,-0.381226,-0.314697,0.752319,0.900195,-64.270020,-19.348145,41.931152,-22.700,25.055,-11.400,-5.964,-51.340,-89.409,0.000,0.000,0.000,0.000,90.00,90.00,1500,1500
10764,-0.407593,-0.377563,1.081421,1.215795,-55.908203,51.452637,-26.794434,-19.246,19.588,-14.407,-8.578,-58.264,-32.830,0.000,0.000,0.000,0.000,90.00,90.00,1500,1500
10819,-0.648560,-0.330811,1.411133,1.587879,-53.894043,75.622559,-57.800293,-13.194,24.107,-17.708,-8.607,-71.972,28.129,0.000,0.000,0.000,0.000,90.00,90.00,1500,1500
10867,-0.718750,-0.337402,1.173950,1.417251,-7.385254,132.629395,-33.142090,-16.035,30.474,-20.396,-7.036,-47.944,65.739,0.000,0.000,0.000,0.000,90.00,90.00,1500,1500
10915,-0.873291,-0.530396,0.778687,1.284644,-75.683594,17.944336,2.136230,-34.260,42.827,-22.948,-4.900,-66.456,41.963,0.000,0.000,0.000,0.000,90.00,90.00,1500,1500
10972,-0.675537,-0.392944,0.632812,1.005588,-38.269043,-14.770508,6.408691,-31.838,42.205,-26.156,-2.724,-53.184,-2.772,0.000,0.000,0.000,0.000,90.00,90.00,1500,1500
11019,-0.657715,-0.565552,0.761353,1.154164,-34.729004,-41.381836,8.483887,-36.606,34.741,-29.097,-1.057,-48.381,-29.128,0.000,0.000,0.000,0.000,90.00,90.00,1500,1500
11064,-0.518188,-0.273682,0.778809,0.974661,-27.465820,-14.404297,-6.713867,-19.362,32.118,-30.971,-1.308,-43.906,-33.106,0.000,0.000,0.000,0.000,90.00,90.00,1500,1500
11115,-0.401123,-0.816040,0.718994,1.159212,-29.113770,4.821777,-20.141602,-48.617,20.245,-34.249,-0.844,-41.964,-22.159,0.000,0.000,0.000,0.000,90.00,90.00,1500,1500
11164,-0.516968,-0.644531,0.731567,1.103570,-22.949219,43.701172,-19.409180,-41.381,27.934,-36.432,-0.249,-36.237,0.660,0.000,0.000,0.000,0.000,90.00,90.00,1500,1500
11220,-0.435913,-0.549072,0.662231,0.964392,-41.625977,9.521484,-7.446289,-39.663,26.873,-38.652,1.361,-42.466,1.669,0.000,0.000,0.000,0.000,90.00,90.00,1500,1500
11273,-0.550903,-0.709961,0.591919,1.076061,-25.390625,-9.765625,-1.953125,-50.181,30.795,-41.231,1.092,-40.708,-4.862,0.000,0.000,0.000,0.000,90.00,90.00,1500,1500
11316,-0.296997,-0.482300,0.897217,1.061046,-15.563965,-38.269043,-9.216309,-28.260,16.255,-42.004,1.155,-37.307,-31.892,0.000,0.000,0.000,0.000,90.00,90.00,1500,1500
11364,-0.291992,-0.528687,0.721802,0.941152,10.559082,2.380371,-10.131836,-36.221,18.074,-42.743,0.357,-15.841,-28.670,0.000,0.000,0.000,0.000,90.00,90.00,1500,1500
11424,-0.351440,-0.059570,0.739746,0.821148,54.443359,-27.954102,16.784668,-4.604,25.340,-41.917,-0.804,18.271,-30.957,0.000,0.000,0.000,0.000,90.00,90.00,1500,1500
11468,-0.422729,-0.146606,0.602173,0.750204,84.106445,6.835937,14.953613,-13.683,34.297,-39.716,-0.341,46.466,-24.867,0.000,0.000,0.000,0.000,90.00,90.00,1500,1500
11516,-0.353027,-0.051514,0.670776,0.759752,94.055176,-12.817383,-8.850098,-4.392,27.688,-36.853,-1.308,65.791,-25.297,0.000,0.000,0.000,0.000,90.00,90.00,1500,1500
11564,-0.443604,-0.254639,0.755737,0.912559,111.206055,-10.986328,-15.319824,-18.621,29.085,-32.186,-0.998,86.275,-27.783,0.000,0.000,0.000,0.000,90.00,90.00,1500,1500
11621,-0.405151,-0.351929,1.010254,1.143947,141.540527,-6.469727,-9.826660,-19.206,20.743,-25.906,-0.841,110.351,-26.078,0.000,0.000,0.000,0.000,90.00,90.00,1500,1500
11669,-0.229858,-0.215942,1.019165,1.066847,126.281738,-7.934570,19.592285,-11.963,12.442,-20.379,-0.892,113.895,-24.670,0.000,0.000,0.000,0.000,90.00,90.00,1500,1500
11724,-0.308838,-0.142456,1.170166,1.218591,175.659180,-20.629883,54.504395,-6.941,14.681,-12.511,-2.399,144.624,-31.241,0.000,0.000,0.000,0.000,90.00,90.00,1500,1500
11765,-0.487183,-0.051758,1.072998,1.179555,127.990723,32.958984,58.593750,-2.762,24.395,-7.895,-2.443,136.553,-16.358,0.000,0.000,0.000,0.000,90.00,90.00,1500,1500
11821,-0.623657,0.245239,0.969604,1.178653,101.928711,59.265137,91.552734,14.194,31.946,0.217,-0.146,124.560,20.314,0.000,0.000,0.000,0.000,90.00,90.00,1500,1500
11874,-0.589233,0.214233,0.737305,0.967838,101.135254,13.305664,81.237793,16.202,37.504,7.312,1.446,117.408,14.757,0.000,0.000,0.000,0.000,90.00,90.00,1500,1500
11917,-0.638916,0.225098,0.482178,0.831491,68.725586,-15.441895,82.580566,25.025,50.210,12.072,4.115,95.383,-8.432,0.000,0.000,0.000,0.000,90.00,90.00,1500,1500
11965,-0.511230,0.484131,0.773315,1.045828,18.554687,-89.172363,84.289551,32.048,29.264,16.817,3.464,49.658,-56.509,0.000,0.000,0.000,0.000,90.00,90.00,1500,1500
12024,-0.481079,0.256104,0.759521,0.934826,3.601074,-23.498535,83.435059,18.634,30.972,18.656,-0.030,13.931,-56.680,0.000,0.000,0.000,0.000,90.00,90.00,1500,1500
12070,-0.398560,0.486938,0.815063,1.029703,-4.821777,32.775879,81.420898,30.855,22.772,19.707,-0.955,-0.293,-22.826,0.000,0.000,0.000,0.000,90.00,90.00,1500,1500
12117,-0.322021,0.431519,0.796265,0.961220,-10.375977,34.667969,75.866699,28.455,19.573,19.843,-1.275,-8.792,0.150,0.000,0.000,0.000,0.000,90.00,90.00,1500,1500
12165,-0.234985,0.541992,0.826050,1.015545,-1.037598,33.874512,63.110352,33.270,13.379,20.116,-1.143,-12.363,7.029,0.000,0.000,0.000,0.000,90.00,90.00,1500,1500
12224,-0.146484,0.689331,0.970581,1.199443,27.160645,79.467773,61.218262,35.383,7.015,19.892,-0.900,0.387,33.984,0.000,0.000,0.000,0.000,90.00,90.00,1500,1500
12270,-0.225342,0.816284,0.891602,1.229655,28.442383,125.000000,65.124512,42.475,10.559,20.881,0.753,10.199,70.325,0.000,0.000,0.000,0.000,90.00,90.00,1500,1500
12324,-0.073486,0.908447,0.827759,1.231203,32.287598,115.173340,67.993164,47.661,3.422,21.814,4.003,15.966,86.309,0.000,0.000,0.000,0.000,90.00,90.00,1500,1500
12366,-0.009155,0.750610,0.930664,1.195674,-16.296387,48.828125,53.405762,38.887,0.439,23.232,5.805,-2.205,61.902,0.000,0.000,0.000,0.000,90.00,90.00,1500,1500
12424,-0.052856,0.951416,0.924561,1.327704,47.973633,70.312500,36.376953,45.820,2.282,24.009,7.858,17.437,54.590,0.000,0.000,0.000,0.000,90.00,90.00,1500,1500
12477,-0.090088,0.911499,0.532593,1.059529,19.165039,55.480957,29.785156,59.702,4.878,25.921,9.467,15.818,50.771,0.000,0.000,0.000,0.000,90.00,90.00,1500,1500
12524,-0.102539,0.799683,0.690063,1.061223,19.042969,27.526855,35.217285,49.208,5.545,28.348,10.273,10.991,33.882,0.000,0.000,0.000,0.000,90.00,90.00,1500,1500
12566,-0.053833,0.758789,0.546509,0.936659,-5.920410,65.795898,45.959473,54.237,3.295,30.197,10.352,-6.269,36.623,0.000,0.000,0.000,0.000,90.00,90.00,1500,1500
12624,-0.008301,0.729126,0.564453,0.922118,-2.197266,75.866699,46.081543,52.255,0.516,31.911,10.707,-9.344,46.770,0.000,0.000,0.000,0.000,90.00,90.00,1500,1500
12671,-0.004150,0.765503,0.741821,1.065979,5.737305,109.497070,41.625977,45.900,0.223,32.667,11.390,-6.797,63.025,0.000,0.000,0.000,0.000,90.00,90.00,1500,1500
12729,0.022583,0.872559,0.591064,1.054147,14.038086,100.646973,37.658691,55.887,-1.228,33.697,13.563,-4.212,67.287,0.000,0.000,0.000,0.000,90.00,90.00,1500,1500
12766,0.035889,1.184692,0.496826,1.285154,34.301758,90.026855,33.020020,67.248,-1.600,34.336,14.975,6.317,70.312,0.000,0.000,0.000,0.000,90.00,90.00,1500,1500
12814,0.006470,1.107666,0.555786,1.239300,18.676758,25.085449,17.761230,63.354,-0.299,35.483,16.517,9.379,38.918,0.000,0.000,0.000,0.000,90.00,90.00,1500,1500
12871,-0.082153,0.809448,0.809448,1.147677,21.606445,-7.812500,-7.141113,45.000,4.105,37.044,16.311,9.121,11.995,0.000,0.000,0.000,0.000,90.00,90.00,1500,1500
12919,-0.014160,1.249512,0.452026,1.328837,54.992676,-81.176758,-12.695313,70.112,0.611,37.981,15.821,33.080,-43.412,0.000,0.000,0.000,0.000,90.00,90.00,1500,1500
12964,-0.022705,0.891724,0.201904,0.914577,50.903320,16.235352,-1.708984,77.242,1.423,40.813,13.954,35.214,-32.302,0.000,0.000,0.000,0.000,90.00,90.00,1500,1500
13014,-0.212646,0.651245,0.106079,0.693247,29.907227,46.569824,13.122559,80.749,17.863,42.730,14.115,37.393,15.038,0.000,0.000,0.000,0.000,90.00,90.00,1500,1500
13072,-0.017090,0.913208,0.014282,0.913480,33.630371,47.424316,19.531250,89.104,1.072,48.005,14.020,29.374,22.751,0.000,0.000,0.000,0.000,90.00,90.00,1500,1500
13124,-0.198853,0.858276,-0.022583,0.881301,29.052734,24.230957,6.835937,91.507,13.040,50.673,14.582,27.305,19.061,0.000,0.000,0.000,0.000,90.00,90.00,1500,1500
13167,-0.054199,0.968018,-0.024048,0.969832,24.841309,0.000000,-10.742188,91.423,3.204,54.109,14.325,21.868,2.598,0.000,0.000,0.000,0.000,90.00,90.00,1500,1500
13215,0.024048,1.072754,-0.030151,1.073447,12.512207,-9.521484,-29.418945,91.610,-1.284,55.597,14.173,15.221,-21.358,0.000,0.000,0.000,0.000,90.00,90.00,1500,1500
13264,-0.043945,1.226929,-0.025269,1.227975,-1.708984,-1.342773,-29.479980,91.180,2.051,55.398,14.571,-1.149,-23.954,0.000,0.000,0.000,0.000,90.00,90.00,1500,1500
13320,-0.078491,1.128906,0.025879,1.131927,-17.395020,-97.412109,-22.583008,88.687,3.976,57.019,14.054,-15.977,-64.532,0.000,0.000,0.000,0.000,90.00,90.00,1500,1500
13368,0.068359,1.286621,0.191040,1.302522,-10.375977,-57.250977,-3.662109,81.554,-3.008,55.350,13.221,-15.142,-74.468,0.000,0.000,0.000,0.000,90.00,90.00,1500,1500
13415,0.019775,1.105103,0.225464,1.128041,3.356934,-1.098633,7.995605,78.469,-1.004,54.527,11.957,-10.103,-46.824,0.000,0.000,0.000,0.000,90.00,90.00,1500,1500
13464,-0.071167,0.864136,0.163452,0.882333,10.864258,-31.127930,14.404297,79.289,4.626,55.156,10.398,-5.308,-46.672,0.000,0.000,0.000,0.000,90.00,90.00,1500,1500
13520,-0.028442,0.809204,0.067627,0.812523,-0.305176,-57.983398,10.925293,85.223,2.006,56.071,8.613,0.849,-71.309,0.000,0.000,0.000,0.000,90.00,90.00,1500,1500
13568,-0.053101,0.568115,0.112915,0.581657,11.047363,-29.602051,6.896973,78.759,5.238,55.732,6.620,1.644,-64.103,0.000,0.000,0.000,0.000,90.00,90.00,1500,1500
13616,-0.114624,0.600708,0.084839,0.617403,16.906738,-33.386230,-2.136230,81.961,10.699,55.630,5.076,4.361,-54.192,0.000,0.000,0.000,0.000,90.00,90.00,1500,1500
13664,-0.196045,0.780884,0.145630,0.818182,19.653320,-46.569824,-12.268066,79.436,13.864,56.126,4.091,7.392,-57.375,0.000,0.000,0.000,0.000,90.00,90.00,1500,1500
13721,-0.134521,1.036255,0.083984,1.048319,4.760742,-9.094238,-21.545410,85.367,7.373,58.287,3.839,2.048,-43.719,0.000,0.000,0.000,0.000,90.00,90.00,1500,1500
13774,-0.045044,1.141602,0.069336,1.144592,5.371094,-17.150879,-27.282715,86.524,2.255,58.706,3.791,0.781,-41.889,0.000,0.000,0.000,0.000,90.00,90.00,1500,1500
13816,-0.283325,1.156006,0.068970,1.192216,-6.652832,-40.466309,-25.878906,86.586,13.748,59.412,4.107,-9.072,-50.329,0.000,0.000,0.000,0.000,90.00,90.00,1500,1500
13864,-0.139404,1.257935,0.046509,1.266490,5.676270,-23.620605,-16.601562,87.883,6.319,58.774,3.995,-7.814,-49.762,0.000,0.000,0.000,0.000,90.00,90.00,1500,1500
13924,0.030273,0.992920,0.219360,1.017313,-11.108398,-22.399902,-11.779785,77.542,-1.705,59.236,3.454,-13.427,-43.955,0.000,0.000,0.000,0.000,90.00,90.00,1500,1500
13969,0.043823,1.008301,0.340332,1.065090,-3.662109,-21.118164,-8.728027,71.349,-2.358,59.240,2.948,-9.852,-42.569,0.000,0.000,0.000,0.000,90.00,90.00,1500,1500
14017,-0.029907,0.862671,0.203247,0.886795,2.380371,-21.057129,-12.268066,76.743,1.933,59.795,2.773,-7.042,-44.146,0.000,0.000,0.000,0.000,90.00,90.00,1500,1500
14064,-0.317261,0.624268,0.094849,0.706655,-0.976562,-12.756348,-9.521484,81.361,26.677,59.262,2.586,-9.245,-38.502,0.000,0.000,0.000,0.000,90.00,90.00,1500,1500
14121,-0.244019,0.691650,0.127319,0.744403,4.882812,-28.198242,-9.460449,79.570,19.136,58.832,2.380,-4.890,-41.411,0.000,0.000,0.000,0.000,90.00,90.00,1500,1500
14169,-0.363770,0.714355,0.181274,0.821883,-3.356934,-37.353516,-9.582520,75.761,26.270,58.634,2.455,-11.227,-48.958,0.000,0.000,0.000,0.000,90.00,90.00,1500,1500
14224,-0.316895,1.022827,0.021362,1.071006,-13.610840,-31.616211,-9.460449,88.804,17.211,59.506,2.953,-15.608,-52.835,0.000,0.000,0.000,0.000,90.00,90.00,1500,1500
14265,-0.249268,1.148071,0.280029,1.207733,-3.173828,27.648926,-2.990723,76.292,11.911,59.378,2.956,-13.648,-30.507,0.000,0.000,0.000,0.000,90.00,90.00,1500,1500
